"recipient_id","iteration","question_id","question","answer_type","definition_1","definition_2","definition_3","definition_4","definition_5","pre_answer","post_answer"
45,"Spring 2022","prepost10","How good are you at science communication? ","Scale","Not at all good",NULL,NULL,NULL,"Very good",3,4
88,"Spring 2023","prepost10","How good are you at science communication? ","Scale","Not at all good",NULL,NULL,NULL,"Very good",4,5
55,"Spring 2022","prepost10","How good are you at science communication? ","Scale","Not at all good",NULL,NULL,NULL,"Very good",1,4
4,"Spring 2023","prepost10","How good are you at science communication? ","Scale","Not at all good",NULL,NULL,NULL,"Very good",2,3
34,"Spring 2023","prepost10","How good are you at science communication? ","Scale","Not at all good",NULL,NULL,NULL,"Very good",4,5
67,"Fall 2022","prepost10","How good are you at science communication? ","Scale","Not at all good",NULL,NULL,NULL,"Very good",3,3
36,"All","prepost10","How good are you at science communication? ","Scale","Not at all good",NULL,NULL,NULL,"Very good",3,4
36,"All","prepost10","How good are you at science communication? ","Scale","Not at all good",NULL,NULL,NULL,"Very good",3,4
36,"All","prepost10","How good are you at science communication? ","Scale","Not at all good",NULL,NULL,NULL,"Very good",3,2
60,"Spring 2022","prepost10","How good are you at science communication? ","Scale","Not at all good",NULL,NULL,NULL,"Very good",4,3
5,"Spring 2022","prepost10","How good are you at science communication? ","Scale","Not at all good",NULL,NULL,NULL,"Very good",3,3
87,"Spring 2022","prepost10","How good are you at science communication? ","Scale","Not at all good",NULL,NULL,NULL,"Very good",3,3
36,"All","prepost10","How good are you at science communication? ","Scale","Not at all good",NULL,NULL,NULL,"Very good",2,2
75,"Spring 2023","prepost10","How good are you at science communication? ","Scale","Not at all good",NULL,NULL,NULL,"Very good",4,4
25,"Fall 2022","prepost10","How good are you at science communication? ","Scale","Not at all good",NULL,NULL,NULL,"Very good",4,4
61,"Spring 2022","prepost10","How good are you at science communication? ","Scale","Not at all good",NULL,NULL,NULL,"Very good",3,4
71,"Spring 2022","prepost10","How good are you at science communication? ","Scale","Not at all good",NULL,NULL,NULL,"Very good",3,5
64,"Spring 2023","prepost10","How good are you at science communication? ","Scale","Not at all good",NULL,NULL,NULL,"Very good",5,5
43,"Spring 2022","prepost10","How good are you at science communication? ","Scale","Not at all good",NULL,NULL,NULL,"Very good",3,4
86,"Spring 2023","prepost10","How good are you at science communication? ","Scale","Not at all good",NULL,NULL,NULL,"Very good",3,4
65,"Spring 2022","prepost10","How good are you at science communication? ","Scale","Not at all good",NULL,NULL,NULL,"Very good",3,4
49,"Spring 2022","prepost10","How good are you at science communication? ","Scale","Not at all good",NULL,NULL,NULL,"Very good",3,4
74,"Spring 2022","prepost10","How good are you at science communication? ","Scale","Not at all good",NULL,NULL,NULL,"Very good",4,4
36,"All","prepost10","How good are you at science communication? ","Scale","Not at all good",NULL,NULL,NULL,"Very good",2,4
32,"Spring 2022","prepost10","How good are you at science communication? ","Scale","Not at all good",NULL,NULL,NULL,"Very good",3,3
52,"Spring 2023","prepost10","How good are you at science communication? ","Scale","Not at all good",NULL,NULL,NULL,"Very good",4,4
11,"Spring 2023","prepost10","How good are you at science communication? ","Scale","Not at all good",NULL,NULL,NULL,"Very good",2,4
83,"Spring 2022","prepost10","How good are you at science communication? ","Scale","Not at all good",NULL,NULL,NULL,"Very good",3,4
106,"Fall 2022","prepost10","How good are you at science communication? ","Scale","Not at all good",NULL,NULL,NULL,"Very good",3,3
90,"Spring 2022","prepost10","How good are you at science communication? ","Scale","Not at all good",NULL,NULL,NULL,"Very good",4,4
26,"Spring 2022","prepost10","How good are you at science communication? ","Scale","Not at all good",NULL,NULL,NULL,"Very good",3,4
36,"All","prepost10","How good are you at science communication? ","Scale","Not at all good",NULL,NULL,NULL,"Very good",2,4
89,"Spring 2023","prepost10","How good are you at science communication? ","Scale","Not at all good",NULL,NULL,NULL,"Very good",4,5
30,"Fall 2022","prepost10","How good are you at science communication? ","Scale","Not at all good",NULL,NULL,NULL,"Very good",4,4
36,"All","prepost10","How good are you at science communication? ","Scale","Not at all good",NULL,NULL,NULL,"Very good",1,4
36,"All","prepost10","How good are you at science communication? ","Scale","Not at all good",NULL,NULL,NULL,"Very good",1,4
36,"All","prepost10","How good are you at science communication? ","Scale","Not at all good",NULL,NULL,NULL,"Very good",1,2
44,"Spring 2022","prepost10","How good are you at science communication? ","Scale","Not at all good",NULL,NULL,NULL,"Very good",3,3
35,"Spring 2023","prepost10","How good are you at science communication? ","Scale","Not at all good",NULL,NULL,NULL,"Very good",3,4
57,"Spring 2022","prepost10","How good are you at science communication? ","Scale","Not at all good",NULL,NULL,NULL,"Very good",4,4
96,"Spring 2022","prepost10","How good are you at science communication? ","Scale","Not at all good",NULL,NULL,NULL,"Very good",3,4
24,"Spring 2022","prepost10","How good are you at science communication? ","Scale","Not at all good",NULL,NULL,NULL,"Very good",4,4
108,"Spring 2023","prepost10","How good are you at science communication? ","Scale","Not at all good",NULL,NULL,NULL,"Very good",3,3
37,"Spring 2023","prepost10","How good are you at science communication? ","Scale","Not at all good",NULL,NULL,NULL,"Very good",5,5
20,"Fall 2022","prepost10","How good are you at science communication? ","Scale","Not at all good",NULL,NULL,NULL,"Very good",3,3
81,"Fall 2022","prepost10","How good are you at science communication? ","Scale","Not at all good",NULL,NULL,NULL,"Very good",4,4
23,"Spring 2023","prepost10","How good are you at science communication? ","Scale","Not at all good",NULL,NULL,NULL,"Very good",4,5
54,"Spring 2022","prepost10","How good are you at science communication? ","Scale","Not at all good",NULL,NULL,NULL,"Very good",4,4
1,"Spring 2022","prepost10","How good are you at science communication? ","Scale","Not at all good",NULL,NULL,NULL,"Very good",3,4
15,"Fall 2022","prepost10","How good are you at science communication? ","Scale","Not at all good",NULL,NULL,NULL,"Very good",5,4
21,"Fall 2022","prepost10","How good are you at science communication? ","Scale","Not at all good",NULL,NULL,NULL,"Very good",3,4
78,"Spring 2023","prepost10","How good are you at science communication? ","Scale","Not at all good",NULL,NULL,NULL,"Very good",3,4
84,"Spring 2023","prepost10","How good are you at science communication? ","Scale","Not at all good",NULL,NULL,NULL,"Very good",2,4
53,"Spring 2022","prepost10","How good are you at science communication? ","Scale","Not at all good",NULL,NULL,NULL,"Very good",5,5
68,"Spring 2022","prepost10","How good are you at science communication? ","Scale","Not at all good",NULL,NULL,NULL,"Very good",3,4
33,"Spring 2023","prepost10","How good are you at science communication? ","Scale","Not at all good",NULL,NULL,NULL,"Very good",4,4
63,"Spring 2023","prepost10","How good are you at science communication? ","Scale","Not at all good",NULL,NULL,NULL,"Very good",3,3
103,"Spring 2022","prepost10","How good are you at science communication? ","Scale","Not at all good",NULL,NULL,NULL,"Very good",3,4
14,"Fall 2022","prepost10","How good are you at science communication? ","Scale","Not at all good",NULL,NULL,NULL,"Very good",3,4
46,"Spring 2023","prepost10","How good are you at science communication? ","Scale","Not at all good",NULL,NULL,NULL,"Very good",4,4
66,"Spring 2022","prepost10","How good are you at science communication? ","Scale","Not at all good",NULL,NULL,NULL,"Very good",4,4
31,"Spring 2022","prepost10","How good are you at science communication? ","Scale","Not at all good",NULL,NULL,NULL,"Very good",4,3
38,"Spring 2022","prepost10","How good are you at science communication? ","Scale","Not at all good",NULL,NULL,NULL,"Very good",4,4
2,"Spring 2023","prepost10","How good are you at science communication? ","Scale","Not at all good",NULL,NULL,NULL,"Very good",4,4
85,"Spring 2022","prepost10","How good are you at science communication? ","Scale","Not at all good",NULL,NULL,NULL,"Very good",3,4
48,"Spring 2022","prepost10","How good are you at science communication? ","Scale","Not at all good",NULL,NULL,NULL,"Very good",3,4
82,"Fall 2022","prepost10","How good are you at science communication? ","Scale","Not at all good",NULL,NULL,NULL,"Very good",1,3
58,"Spring 2022","prepost10","How good are you at science communication? ","Scale","Not at all good",NULL,NULL,NULL,"Very good",4,5
40,"Spring 2022","prepost10","How good are you at science communication? ","Scale","Not at all good",NULL,NULL,NULL,"Very good",3,4
41,"Fall 2022","prepost10","How good are you at science communication? ","Scale","Not at all good",NULL,NULL,NULL,"Very good",4,5
72,"Spring 2023","prepost10","How good are you at science communication? ","Scale","Not at all good",NULL,NULL,NULL,"Very good",3,4
73,"Spring 2022","prepost10","How good are you at science communication? ","Scale","Not at all good",NULL,NULL,NULL,"Very good",4,5
6,"Spring 2023","prepost10","How good are you at science communication? ","Scale","Not at all good",NULL,NULL,NULL,"Very good",4,4
47,"Spring 2022","prepost10","How good are you at science communication? ","Scale","Not at all good",NULL,NULL,NULL,"Very good",3,3
28,"Spring 2023","prepost10","How good are you at science communication? ","Scale","Not at all good",NULL,NULL,NULL,"Very good",4,4
51,"Spring 2023","prepost10","How good are you at science communication? ","Scale","Not at all good",NULL,NULL,NULL,"Very good",4,4
51,"Spring 2023","prepost11","How well does the public understand your science when you communicate it to them?","Scale","They do not understand the science at all.",NULL,NULL,NULL,"They understand the science nearly perfectly.",3,4
49,"Spring 2022","prepost11","How well does the public understand your science when you communicate it to them?","Scale","They do not understand the science at all.",NULL,NULL,NULL,"They understand the science nearly perfectly.",3,3
26,"Spring 2022","prepost11","How well does the public understand your science when you communicate it to them?","Scale","They do not understand the science at all.",NULL,NULL,NULL,"They understand the science nearly perfectly.",3,4
28,"Spring 2023","prepost11","How well does the public understand your science when you communicate it to them?","Scale","They do not understand the science at all.",NULL,NULL,NULL,"They understand the science nearly perfectly.",4,4
57,"Spring 2022","prepost11","How well does the public understand your science when you communicate it to them?","Scale","They do not understand the science at all.",NULL,NULL,NULL,"They understand the science nearly perfectly.",4,4
4,"Spring 2023","prepost11","How well does the public understand your science when you communicate it to them?","Scale","They do not understand the science at all.",NULL,NULL,NULL,"They understand the science nearly perfectly.",2,3
72,"Spring 2023","prepost11","How well does the public understand your science when you communicate it to them?","Scale","They do not understand the science at all.",NULL,NULL,NULL,"They understand the science nearly perfectly.",4,4
31,"Spring 2022","prepost11","How well does the public understand your science when you communicate it to them?","Scale","They do not understand the science at all.",NULL,NULL,NULL,"They understand the science nearly perfectly.",3,4
87,"Spring 2022","prepost11","How well does the public understand your science when you communicate it to them?","Scale","They do not understand the science at all.",NULL,NULL,NULL,"They understand the science nearly perfectly.",3,3
96,"Spring 2022","prepost11","How well does the public understand your science when you communicate it to them?","Scale","They do not understand the science at all.",NULL,NULL,NULL,"They understand the science nearly perfectly.",3,4
84,"Spring 2023","prepost11","How well does the public understand your science when you communicate it to them?","Scale","They do not understand the science at all.",NULL,NULL,NULL,"They understand the science nearly perfectly.",2,4
47,"Spring 2022","prepost11","How well does the public understand your science when you communicate it to them?","Scale","They do not understand the science at all.",NULL,NULL,NULL,"They understand the science nearly perfectly.",3,3
88,"Spring 2023","prepost11","How well does the public understand your science when you communicate it to them?","Scale","They do not understand the science at all.",NULL,NULL,NULL,"They understand the science nearly perfectly.",4,5
85,"Spring 2022","prepost11","How well does the public understand your science when you communicate it to them?","Scale","They do not understand the science at all.",NULL,NULL,NULL,"They understand the science nearly perfectly.",3,5
83,"Spring 2022","prepost11","How well does the public understand your science when you communicate it to them?","Scale","They do not understand the science at all.",NULL,NULL,NULL,"They understand the science nearly perfectly.",3,4
54,"Spring 2022","prepost11","How well does the public understand your science when you communicate it to them?","Scale","They do not understand the science at all.",NULL,NULL,NULL,"They understand the science nearly perfectly.",3,4
21,"Fall 2022","prepost11","How well does the public understand your science when you communicate it to them?","Scale","They do not understand the science at all.",NULL,NULL,NULL,"They understand the science nearly perfectly.",3,4
48,"Spring 2022","prepost11","How well does the public understand your science when you communicate it to them?","Scale","They do not understand the science at all.",NULL,NULL,NULL,"They understand the science nearly perfectly.",3,4
82,"Fall 2022","prepost11","How well does the public understand your science when you communicate it to them?","Scale","They do not understand the science at all.",NULL,NULL,NULL,"They understand the science nearly perfectly.",1,3
45,"Spring 2022","prepost11","How well does the public understand your science when you communicate it to them?","Scale","They do not understand the science at all.",NULL,NULL,NULL,"They understand the science nearly perfectly.",3,4
30,"Fall 2022","prepost11","How well does the public understand your science when you communicate it to them?","Scale","They do not understand the science at all.",NULL,NULL,NULL,"They understand the science nearly perfectly.",3,4
34,"Spring 2023","prepost11","How well does the public understand your science when you communicate it to them?","Scale","They do not understand the science at all.",NULL,NULL,NULL,"They understand the science nearly perfectly.",4,5
67,"Fall 2022","prepost11","How well does the public understand your science when you communicate it to them?","Scale","They do not understand the science at all.",NULL,NULL,NULL,"They understand the science nearly perfectly.",2,3
43,"Spring 2022","prepost11","How well does the public understand your science when you communicate it to them?","Scale","They do not understand the science at all.",NULL,NULL,NULL,"They understand the science nearly perfectly.",4,4
65,"Spring 2022","prepost11","How well does the public understand your science when you communicate it to them?","Scale","They do not understand the science at all.",NULL,NULL,NULL,"They understand the science nearly perfectly.",3,4
25,"Fall 2022","prepost11","How well does the public understand your science when you communicate it to them?","Scale","They do not understand the science at all.",NULL,NULL,NULL,"They understand the science nearly perfectly.",4,4
106,"Fall 2022","prepost11","How well does the public understand your science when you communicate it to them?","Scale","They do not understand the science at all.",NULL,NULL,NULL,"They understand the science nearly perfectly.",3,4
44,"Spring 2022","prepost11","How well does the public understand your science when you communicate it to them?","Scale","They do not understand the science at all.",NULL,NULL,NULL,"They understand the science nearly perfectly.",3,4
89,"Spring 2023","prepost11","How well does the public understand your science when you communicate it to them?","Scale","They do not understand the science at all.",NULL,NULL,NULL,"They understand the science nearly perfectly.",4,5
24,"Spring 2022","prepost11","How well does the public understand your science when you communicate it to them?","Scale","They do not understand the science at all.",NULL,NULL,NULL,"They understand the science nearly perfectly.",4,4
20,"Fall 2022","prepost11","How well does the public understand your science when you communicate it to them?","Scale","They do not understand the science at all.",NULL,NULL,NULL,"They understand the science nearly perfectly.",3,3
15,"Fall 2022","prepost11","How well does the public understand your science when you communicate it to them?","Scale","They do not understand the science at all.",NULL,NULL,NULL,"They understand the science nearly perfectly.",5,4
53,"Spring 2022","prepost11","How well does the public understand your science when you communicate it to them?","Scale","They do not understand the science at all.",NULL,NULL,NULL,"They understand the science nearly perfectly.",3,4
66,"Spring 2022","prepost11","How well does the public understand your science when you communicate it to them?","Scale","They do not understand the science at all.",NULL,NULL,NULL,"They understand the science nearly perfectly.",4,4
32,"Spring 2022","prepost11","How well does the public understand your science when you communicate it to them?","Scale","They do not understand the science at all.",NULL,NULL,NULL,"They understand the science nearly perfectly.",2,3
14,"Fall 2022","prepost11","How well does the public understand your science when you communicate it to them?","Scale","They do not understand the science at all.",NULL,NULL,NULL,"They understand the science nearly perfectly.",3,4
40,"Spring 2022","prepost11","How well does the public understand your science when you communicate it to them?","Scale","They do not understand the science at all.",NULL,NULL,NULL,"They understand the science nearly perfectly.",3,4
41,"Fall 2022","prepost11","How well does the public understand your science when you communicate it to them?","Scale","They do not understand the science at all.",NULL,NULL,NULL,"They understand the science nearly perfectly.",4,4
60,"Spring 2022","prepost11","How well does the public understand your science when you communicate it to them?","Scale","They do not understand the science at all.",NULL,NULL,NULL,"They understand the science nearly perfectly.",3,4
81,"Fall 2022","prepost11","How well does the public understand your science when you communicate it to them?","Scale","They do not understand the science at all.",NULL,NULL,NULL,"They understand the science nearly perfectly.",3,4
55,"Spring 2022","prepost11","How well does the public understand your science when you communicate it to them?","Scale","They do not understand the science at all.",NULL,NULL,NULL,"They understand the science nearly perfectly.",2,4
36,"All","prepost11","How well does the public understand your science when you communicate it to them?","Scale","They do not understand the science at all.",NULL,NULL,NULL,"They understand the science nearly perfectly.",3,3
36,"All","prepost11","How well does the public understand your science when you communicate it to them?","Scale","They do not understand the science at all.",NULL,NULL,NULL,"They understand the science nearly perfectly.",3,4
36,"All","prepost11","How well does the public understand your science when you communicate it to them?","Scale","They do not understand the science at all.",NULL,NULL,NULL,"They understand the science nearly perfectly.",3,2
5,"Spring 2022","prepost11","How well does the public understand your science when you communicate it to them?","Scale","They do not understand the science at all.",NULL,NULL,NULL,"They understand the science nearly perfectly.",2,2
75,"Spring 2023","prepost11","How well does the public understand your science when you communicate it to them?","Scale","They do not understand the science at all.",NULL,NULL,NULL,"They understand the science nearly perfectly.",4,4
71,"Spring 2022","prepost11","How well does the public understand your science when you communicate it to them?","Scale","They do not understand the science at all.",NULL,NULL,NULL,"They understand the science nearly perfectly.",3,4
64,"Spring 2023","prepost11","How well does the public understand your science when you communicate it to them?","Scale","They do not understand the science at all.",NULL,NULL,NULL,"They understand the science nearly perfectly.",3,4
86,"Spring 2023","prepost11","How well does the public understand your science when you communicate it to them?","Scale","They do not understand the science at all.",NULL,NULL,NULL,"They understand the science nearly perfectly.",4,4
74,"Spring 2022","prepost11","How well does the public understand your science when you communicate it to them?","Scale","They do not understand the science at all.",NULL,NULL,NULL,"They understand the science nearly perfectly.",4,4
52,"Spring 2023","prepost11","How well does the public understand your science when you communicate it to them?","Scale","They do not understand the science at all.",NULL,NULL,NULL,"They understand the science nearly perfectly.",4,4
11,"Spring 2023","prepost11","How well does the public understand your science when you communicate it to them?","Scale","They do not understand the science at all.",NULL,NULL,NULL,"They understand the science nearly perfectly.",3,4
36,"All","prepost11","How well does the public understand your science when you communicate it to them?","Scale","They do not understand the science at all.",NULL,NULL,NULL,"They understand the science nearly perfectly.",3,3
90,"Spring 2022","prepost11","How well does the public understand your science when you communicate it to them?","Scale","They do not understand the science at all.",NULL,NULL,NULL,"They understand the science nearly perfectly.",3,3
36,"All","prepost11","How well does the public understand your science when you communicate it to them?","Scale","They do not understand the science at all.",NULL,NULL,NULL,"They understand the science nearly perfectly.",3,4
36,"All","prepost11","How well does the public understand your science when you communicate it to them?","Scale","They do not understand the science at all.",NULL,NULL,NULL,"They understand the science nearly perfectly.",3,2
36,"All","prepost11","How well does the public understand your science when you communicate it to them?","Scale","They do not understand the science at all.",NULL,NULL,NULL,"They understand the science nearly perfectly.",3,2
35,"Spring 2023","prepost11","How well does the public understand your science when you communicate it to them?","Scale","They do not understand the science at all.",NULL,NULL,NULL,"They understand the science nearly perfectly.",3,4
61,"Spring 2022","prepost11","How well does the public understand your science when you communicate it to them?","Scale","They do not understand the science at all.",NULL,NULL,NULL,"They understand the science nearly perfectly.",3,4
108,"Spring 2023","prepost11","How well does the public understand your science when you communicate it to them?","Scale","They do not understand the science at all.",NULL,NULL,NULL,"They understand the science nearly perfectly.",3,3
37,"Spring 2023","prepost11","How well does the public understand your science when you communicate it to them?","Scale","They do not understand the science at all.",NULL,NULL,NULL,"They understand the science nearly perfectly.",5,5
23,"Spring 2023","prepost11","How well does the public understand your science when you communicate it to them?","Scale","They do not understand the science at all.",NULL,NULL,NULL,"They understand the science nearly perfectly.",3,5
1,"Spring 2022","prepost11","How well does the public understand your science when you communicate it to them?","Scale","They do not understand the science at all.",NULL,NULL,NULL,"They understand the science nearly perfectly.",4,3
103,"Spring 2022","prepost11","How well does the public understand your science when you communicate it to them?","Scale","They do not understand the science at all.",NULL,NULL,NULL,"They understand the science nearly perfectly.",3,4
78,"Spring 2023","prepost11","How well does the public understand your science when you communicate it to them?","Scale","They do not understand the science at all.",NULL,NULL,NULL,"They understand the science nearly perfectly.",3,4
68,"Spring 2022","prepost11","How well does the public understand your science when you communicate it to them?","Scale","They do not understand the science at all.",NULL,NULL,NULL,"They understand the science nearly perfectly.",3,4
46,"Spring 2023","prepost11","How well does the public understand your science when you communicate it to them?","Scale","They do not understand the science at all.",NULL,NULL,NULL,"They understand the science nearly perfectly.",3,4
33,"Spring 2023","prepost11","How well does the public understand your science when you communicate it to them?","Scale","They do not understand the science at all.",NULL,NULL,NULL,"They understand the science nearly perfectly.",4,4
38,"Spring 2022","prepost11","How well does the public understand your science when you communicate it to them?","Scale","They do not understand the science at all.",NULL,NULL,NULL,"They understand the science nearly perfectly.",3,4
2,"Spring 2023","prepost11","How well does the public understand your science when you communicate it to them?","Scale","They do not understand the science at all.",NULL,NULL,NULL,"They understand the science nearly perfectly.",3,4
36,"All","prepost11","How well does the public understand your science when you communicate it to them?","Scale","They do not understand the science at all.",NULL,NULL,NULL,"They understand the science nearly perfectly.",3,4
63,"Spring 2023","prepost11","How well does the public understand your science when you communicate it to them?","Scale","They do not understand the science at all.",NULL,NULL,NULL,"They understand the science nearly perfectly.",3,3
58,"Spring 2022","prepost11","How well does the public understand your science when you communicate it to them?","Scale","They do not understand the science at all.",NULL,NULL,NULL,"They understand the science nearly perfectly.",4,4
36,"All","prepost11","How well does the public understand your science when you communicate it to them?","Scale","They do not understand the science at all.",NULL,NULL,NULL,"They understand the science nearly perfectly.",3,3
73,"Spring 2022","prepost11","How well does the public understand your science when you communicate it to them?","Scale","They do not understand the science at all.",NULL,NULL,NULL,"They understand the science nearly perfectly.",3,3
6,"Spring 2023","prepost11","How well does the public understand your science when you communicate it to them?","Scale","They do not understand the science at all.",NULL,NULL,NULL,"They understand the science nearly perfectly.",4,4
37,"Spring 2023","prepost12","If you were to list all the students/staff in your department from the worst to the best in science communication, where would you place yourself? ","Scale","One of the best.",NULL,NULL,NULL,"On of the worst.",1,1
32,"Spring 2022","prepost12","If you were to list all the students/staff in your department from the worst to the best in science communication, where would you place yourself? ","Scale","One of the best.",NULL,NULL,NULL,"On of the worst.",3,3
103,"Spring 2022","prepost12","If you were to list all the students/staff in your department from the worst to the best in science communication, where would you place yourself? ","Scale","One of the best.",NULL,NULL,NULL,"On of the worst.",2,3
85,"Spring 2022","prepost12","If you were to list all the students/staff in your department from the worst to the best in science communication, where would you place yourself? ","Scale","One of the best.",NULL,NULL,NULL,"On of the worst.",2,3
83,"Spring 2022","prepost12","If you were to list all the students/staff in your department from the worst to the best in science communication, where would you place yourself? ","Scale","One of the best.",NULL,NULL,NULL,"On of the worst.",3,3
34,"Spring 2023","prepost12","If you were to list all the students/staff in your department from the worst to the best in science communication, where would you place yourself? ","Scale","One of the best.",NULL,NULL,NULL,"On of the worst.",2,1
65,"Spring 2022","prepost12","If you were to list all the students/staff in your department from the worst to the best in science communication, where would you place yourself? ","Scale","One of the best.",NULL,NULL,NULL,"On of the worst.",3,3
66,"Spring 2022","prepost12","If you were to list all the students/staff in your department from the worst to the best in science communication, where would you place yourself? ","Scale","One of the best.",NULL,NULL,NULL,"On of the worst.",1,2
36,"All","prepost12","If you were to list all the students/staff in your department from the worst to the best in science communication, where would you place yourself? ","Scale","One of the best.",NULL,NULL,NULL,"On of the worst.",4,3
36,"All","prepost12","If you were to list all the students/staff in your department from the worst to the best in science communication, where would you place yourself? ","Scale","One of the best.",NULL,NULL,NULL,"On of the worst.",4,3
36,"All","prepost12","If you were to list all the students/staff in your department from the worst to the best in science communication, where would you place yourself? ","Scale","One of the best.",NULL,NULL,NULL,"On of the worst.",4,5
5,"Spring 2022","prepost12","If you were to list all the students/staff in your department from the worst to the best in science communication, where would you place yourself? ","Scale","One of the best.",NULL,NULL,NULL,"On of the worst.",3,3
52,"Spring 2023","prepost12","If you were to list all the students/staff in your department from the worst to the best in science communication, where would you place yourself? ","Scale","One of the best.",NULL,NULL,NULL,"On of the worst.",2,2
90,"Spring 2022","prepost12","If you were to list all the students/staff in your department from the worst to the best in science communication, where would you place yourself? ","Scale","One of the best.",NULL,NULL,NULL,"On of the worst.",2,2
51,"Spring 2023","prepost12","If you were to list all the students/staff in your department from the worst to the best in science communication, where would you place yourself? ","Scale","One of the best.",NULL,NULL,NULL,"On of the worst.",2,2
108,"Spring 2023","prepost12","If you were to list all the students/staff in your department from the worst to the best in science communication, where would you place yourself? ","Scale","One of the best.",NULL,NULL,NULL,"On of the worst.",3,3
1,"Spring 2022","prepost12","If you were to list all the students/staff in your department from the worst to the best in science communication, where would you place yourself? ","Scale","One of the best.",NULL,NULL,NULL,"On of the worst.",3,3
46,"Spring 2023","prepost12","If you were to list all the students/staff in your department from the worst to the best in science communication, where would you place yourself? ","Scale","One of the best.",NULL,NULL,NULL,"On of the worst.",3,2
63,"Spring 2023","prepost12","If you were to list all the students/staff in your department from the worst to the best in science communication, where would you place yourself? ","Scale","One of the best.",NULL,NULL,NULL,"On of the worst.",3,3
58,"Spring 2022","prepost12","If you were to list all the students/staff in your department from the worst to the best in science communication, where would you place yourself? ","Scale","One of the best.",NULL,NULL,NULL,"On of the worst.",2,1
4,"Spring 2023","prepost12","If you were to list all the students/staff in your department from the worst to the best in science communication, where would you place yourself? ","Scale","One of the best.",NULL,NULL,NULL,"On of the worst.",4,3
31,"Spring 2022","prepost12","If you were to list all the students/staff in your department from the worst to the best in science communication, where would you place yourself? ","Scale","One of the best.",NULL,NULL,NULL,"On of the worst.",3,2
88,"Spring 2023","prepost12","If you were to list all the students/staff in your department from the worst to the best in science communication, where would you place yourself? ","Scale","One of the best.",NULL,NULL,NULL,"On of the worst.",2,2
47,"Spring 2022","prepost12","If you were to list all the students/staff in your department from the worst to the best in science communication, where would you place yourself? ","Scale","One of the best.",NULL,NULL,NULL,"On of the worst.",2,4
84,"Spring 2023","prepost12","If you were to list all the students/staff in your department from the worst to the best in science communication, where would you place yourself? ","Scale","One of the best.",NULL,NULL,NULL,"On of the worst.",4,3
96,"Spring 2022","prepost12","If you were to list all the students/staff in your department from the worst to the best in science communication, where would you place yourself? ","Scale","One of the best.",NULL,NULL,NULL,"On of the worst.",2,3
72,"Spring 2023","prepost12","If you were to list all the students/staff in your department from the worst to the best in science communication, where would you place yourself? ","Scale","One of the best.",NULL,NULL,NULL,"On of the worst.",3,2
28,"Spring 2023","prepost12","If you were to list all the students/staff in your department from the worst to the best in science communication, where would you place yourself? ","Scale","One of the best.",NULL,NULL,NULL,"On of the worst.",4,2
26,"Spring 2022","prepost12","If you were to list all the students/staff in your department from the worst to the best in science communication, where would you place yourself? ","Scale","One of the best.",NULL,NULL,NULL,"On of the worst.",4,3
6,"Spring 2023","prepost12","If you were to list all the students/staff in your department from the worst to the best in science communication, where would you place yourself? ","Scale","One of the best.",NULL,NULL,NULL,"On of the worst.",4,2
73,"Spring 2022","prepost12","If you were to list all the students/staff in your department from the worst to the best in science communication, where would you place yourself? ","Scale","One of the best.",NULL,NULL,NULL,"On of the worst.",2,4
49,"Spring 2022","prepost12","If you were to list all the students/staff in your department from the worst to the best in science communication, where would you place yourself? ","Scale","One of the best.",NULL,NULL,NULL,"On of the worst.",3,2
2,"Spring 2023","prepost12","If you were to list all the students/staff in your department from the worst to the best in science communication, where would you place yourself? ","Scale","One of the best.",NULL,NULL,NULL,"On of the worst.",3,3
38,"Spring 2022","prepost12","If you were to list all the students/staff in your department from the worst to the best in science communication, where would you place yourself? ","Scale","One of the best.",NULL,NULL,NULL,"On of the worst.",2,4
33,"Spring 2023","prepost12","If you were to list all the students/staff in your department from the worst to the best in science communication, where would you place yourself? ","Scale","One of the best.",NULL,NULL,NULL,"On of the worst.",3,2
68,"Spring 2022","prepost12","If you were to list all the students/staff in your department from the worst to the best in science communication, where would you place yourself? ","Scale","One of the best.",NULL,NULL,NULL,"On of the worst.",3,3
78,"Spring 2023","prepost12","If you were to list all the students/staff in your department from the worst to the best in science communication, where would you place yourself? ","Scale","One of the best.",NULL,NULL,NULL,"On of the worst.",2,4
23,"Spring 2023","prepost12","If you were to list all the students/staff in your department from the worst to the best in science communication, where would you place yourself? ","Scale","One of the best.",NULL,NULL,NULL,"On of the worst.",3,2
35,"Spring 2023","prepost12","If you were to list all the students/staff in your department from the worst to the best in science communication, where would you place yourself? ","Scale","One of the best.",NULL,NULL,NULL,"On of the worst.",3,3
36,"All","prepost12","If you were to list all the students/staff in your department from the worst to the best in science communication, where would you place yourself? ","Scale","One of the best.",NULL,NULL,NULL,"On of the worst.",5,5
36,"All","prepost12","If you were to list all the students/staff in your department from the worst to the best in science communication, where would you place yourself? ","Scale","One of the best.",NULL,NULL,NULL,"On of the worst.",5,3
36,"All","prepost12","If you were to list all the students/staff in your department from the worst to the best in science communication, where would you place yourself? ","Scale","One of the best.",NULL,NULL,NULL,"On of the worst.",5,3
11,"Spring 2023","prepost12","If you were to list all the students/staff in your department from the worst to the best in science communication, where would you place yourself? ","Scale","One of the best.",NULL,NULL,NULL,"On of the worst.",3,2
86,"Spring 2023","prepost12","If you were to list all the students/staff in your department from the worst to the best in science communication, where would you place yourself? ","Scale","One of the best.",NULL,NULL,NULL,"On of the worst.",4,3
74,"Spring 2022","prepost12","If you were to list all the students/staff in your department from the worst to the best in science communication, where would you place yourself? ","Scale","One of the best.",NULL,NULL,NULL,"On of the worst.",5,4
64,"Spring 2023","prepost12","If you were to list all the students/staff in your department from the worst to the best in science communication, where would you place yourself? ","Scale","One of the best.",NULL,NULL,NULL,"On of the worst.",1,1
71,"Spring 2022","prepost12","If you were to list all the students/staff in your department from the worst to the best in science communication, where would you place yourself? ","Scale","One of the best.",NULL,NULL,NULL,"On of the worst.",3,3
75,"Spring 2023","prepost12","If you were to list all the students/staff in your department from the worst to the best in science communication, where would you place yourself? ","Scale","One of the best.",NULL,NULL,NULL,"On of the worst.",2,3
60,"Spring 2022","prepost12","If you were to list all the students/staff in your department from the worst to the best in science communication, where would you place yourself? ","Scale","One of the best.",NULL,NULL,NULL,"On of the worst.",2,1
41,"Fall 2022","prepost12","If you were to list all the students/staff in your department from the worst to the best in science communication, where would you place yourself? ","Scale","One of the best.",NULL,NULL,NULL,"On of the worst.",2,1
40,"Spring 2022","prepost12","If you were to list all the students/staff in your department from the worst to the best in science communication, where would you place yourself? ","Scale","One of the best.",NULL,NULL,NULL,"On of the worst.",3,4
14,"Fall 2022","prepost12","If you were to list all the students/staff in your department from the worst to the best in science communication, where would you place yourself? ","Scale","One of the best.",NULL,NULL,NULL,"On of the worst.",3,2
15,"Fall 2022","prepost12","If you were to list all the students/staff in your department from the worst to the best in science communication, where would you place yourself? ","Scale","One of the best.",NULL,NULL,NULL,"On of the worst.",2,2
53,"Spring 2022","prepost12","If you were to list all the students/staff in your department from the worst to the best in science communication, where would you place yourself? ","Scale","One of the best.",NULL,NULL,NULL,"On of the worst.",2,3
89,"Spring 2023","prepost12","If you were to list all the students/staff in your department from the worst to the best in science communication, where would you place yourself? ","Scale","One of the best.",NULL,NULL,NULL,"On of the worst.",2,1
20,"Fall 2022","prepost12","If you were to list all the students/staff in your department from the worst to the best in science communication, where would you place yourself? ","Scale","One of the best.",NULL,NULL,NULL,"On of the worst.",3,3
24,"Spring 2022","prepost12","If you were to list all the students/staff in your department from the worst to the best in science communication, where would you place yourself? ","Scale","One of the best.",NULL,NULL,NULL,"On of the worst.",3,2
44,"Spring 2022","prepost12","If you were to list all the students/staff in your department from the worst to the best in science communication, where would you place yourself? ","Scale","One of the best.",NULL,NULL,NULL,"On of the worst.",3,3
106,"Fall 2022","prepost12","If you were to list all the students/staff in your department from the worst to the best in science communication, where would you place yourself? ","Scale","One of the best.",NULL,NULL,NULL,"On of the worst.",3,3
25,"Fall 2022","prepost12","If you were to list all the students/staff in your department from the worst to the best in science communication, where would you place yourself? ","Scale","One of the best.",NULL,NULL,NULL,"On of the worst.",2,2
43,"Spring 2022","prepost12","If you were to list all the students/staff in your department from the worst to the best in science communication, where would you place yourself? ","Scale","One of the best.",NULL,NULL,NULL,"On of the worst.",2,2
67,"Fall 2022","prepost12","If you were to list all the students/staff in your department from the worst to the best in science communication, where would you place yourself? ","Scale","One of the best.",NULL,NULL,NULL,"On of the worst.",2,1
45,"Spring 2022","prepost12","If you were to list all the students/staff in your department from the worst to the best in science communication, where would you place yourself? ","Scale","One of the best.",NULL,NULL,NULL,"On of the worst.",3,3
82,"Fall 2022","prepost12","If you were to list all the students/staff in your department from the worst to the best in science communication, where would you place yourself? ","Scale","One of the best.",NULL,NULL,NULL,"On of the worst.",5,3
48,"Spring 2022","prepost12","If you were to list all the students/staff in your department from the worst to the best in science communication, where would you place yourself? ","Scale","One of the best.",NULL,NULL,NULL,"On of the worst.",3,3
21,"Fall 2022","prepost12","If you were to list all the students/staff in your department from the worst to the best in science communication, where would you place yourself? ","Scale","One of the best.",NULL,NULL,NULL,"On of the worst.",3,3
54,"Spring 2022","prepost12","If you were to list all the students/staff in your department from the worst to the best in science communication, where would you place yourself? ","Scale","One of the best.",NULL,NULL,NULL,"On of the worst.",3,2
87,"Spring 2022","prepost12","If you were to list all the students/staff in your department from the worst to the best in science communication, where would you place yourself? ","Scale","One of the best.",NULL,NULL,NULL,"On of the worst.",3,3
36,"All","prepost12","If you were to list all the students/staff in your department from the worst to the best in science communication, where would you place yourself? ","Scale","One of the best.",NULL,NULL,NULL,"On of the worst.",4,3
36,"All","prepost12","If you were to list all the students/staff in your department from the worst to the best in science communication, where would you place yourself? ","Scale","One of the best.",NULL,NULL,NULL,"On of the worst.",4,3
36,"All","prepost12","If you were to list all the students/staff in your department from the worst to the best in science communication, where would you place yourself? ","Scale","One of the best.",NULL,NULL,NULL,"On of the worst.",4,5
55,"Spring 2022","prepost12","If you were to list all the students/staff in your department from the worst to the best in science communication, where would you place yourself? ","Scale","One of the best.",NULL,NULL,NULL,"On of the worst.",3,4
57,"Spring 2022","prepost12","If you were to list all the students/staff in your department from the worst to the best in science communication, where would you place yourself? ","Scale","One of the best.",NULL,NULL,NULL,"On of the worst.",3,3
30,"Fall 2022","prepost12","If you were to list all the students/staff in your department from the worst to the best in science communication, where would you place yourself? ","Scale","One of the best.",NULL,NULL,NULL,"On of the worst.",3,2
61,"Spring 2022","prepost12","If you were to list all the students/staff in your department from the worst to the best in science communication, where would you place yourself? ","Scale","One of the best.",NULL,NULL,NULL,"On of the worst.",2,2
81,"Fall 2022","prepost12","If you were to list all the students/staff in your department from the worst to the best in science communication, where would you place yourself? ","Scale","One of the best.",NULL,NULL,NULL,"On of the worst.",3,3
36,"All","prepost13","Think about the classes and professional development training you have had in the past. How good of a job did they prepare you to engage in science communication?","Scale","The trainings have prepared me to engage in science communication.",NULL,NULL,NULL,"The trainings have not prepared me to engage in science communication. ",2,1
20,"Fall 2022","prepost13","Think about the classes and professional development training you have had in the past. How good of a job did they prepare you to engage in science communication?","Scale","The trainings have prepared me to engage in science communication.",NULL,NULL,NULL,"The trainings have not prepared me to engage in science communication. ",2,2
75,"Spring 2023","prepost13","Think about the classes and professional development training you have had in the past. How good of a job did they prepare you to engage in science communication?","Scale","The trainings have prepared me to engage in science communication.",NULL,NULL,NULL,"The trainings have not prepared me to engage in science communication. ",3,4
55,"Spring 2022","prepost13","Think about the classes and professional development training you have had in the past. How good of a job did they prepare you to engage in science communication?","Scale","The trainings have prepared me to engage in science communication.",NULL,NULL,NULL,"The trainings have not prepared me to engage in science communication. ",4,2
5,"Spring 2022","prepost13","Think about the classes and professional development training you have had in the past. How good of a job did they prepare you to engage in science communication?","Scale","The trainings have prepared me to engage in science communication.",NULL,NULL,NULL,"The trainings have not prepared me to engage in science communication. ",4,5
60,"Spring 2022","prepost13","Think about the classes and professional development training you have had in the past. How good of a job did they prepare you to engage in science communication?","Scale","The trainings have prepared me to engage in science communication.",NULL,NULL,NULL,"The trainings have not prepared me to engage in science communication. ",2,4
53,"Spring 2022","prepost13","Think about the classes and professional development training you have had in the past. How good of a job did they prepare you to engage in science communication?","Scale","The trainings have prepared me to engage in science communication.",NULL,NULL,NULL,"The trainings have not prepared me to engage in science communication. ",2,3
85,"Spring 2022","prepost13","Think about the classes and professional development training you have had in the past. How good of a job did they prepare you to engage in science communication?","Scale","The trainings have prepared me to engage in science communication.",NULL,NULL,NULL,"The trainings have not prepared me to engage in science communication. ",3,1
41,"Fall 2022","prepost13","Think about the classes and professional development training you have had in the past. How good of a job did they prepare you to engage in science communication?","Scale","The trainings have prepared me to engage in science communication.",NULL,NULL,NULL,"The trainings have not prepared me to engage in science communication. ",3,1
36,"All","prepost13","Think about the classes and professional development training you have had in the past. How good of a job did they prepare you to engage in science communication?","Scale","The trainings have prepared me to engage in science communication.",NULL,NULL,NULL,"The trainings have not prepared me to engage in science communication. ",2,1
36,"All","prepost13","Think about the classes and professional development training you have had in the past. How good of a job did they prepare you to engage in science communication?","Scale","The trainings have prepared me to engage in science communication.",NULL,NULL,NULL,"The trainings have not prepared me to engage in science communication. ",2,3
15,"Fall 2022","prepost13","Think about the classes and professional development training you have had in the past. How good of a job did they prepare you to engage in science communication?","Scale","The trainings have prepared me to engage in science communication.",NULL,NULL,NULL,"The trainings have not prepared me to engage in science communication. ",2,2
49,"Spring 2022","prepost13","Think about the classes and professional development training you have had in the past. How good of a job did they prepare you to engage in science communication?","Scale","The trainings have prepared me to engage in science communication.",NULL,NULL,NULL,"The trainings have not prepared me to engage in science communication. ",3,2
40,"Spring 2022","prepost13","Think about the classes and professional development training you have had in the past. How good of a job did they prepare you to engage in science communication?","Scale","The trainings have prepared me to engage in science communication.",NULL,NULL,NULL,"The trainings have not prepared me to engage in science communication. ",4,3
33,"Spring 2023","prepost13","Think about the classes and professional development training you have had in the past. How good of a job did they prepare you to engage in science communication?","Scale","The trainings have prepared me to engage in science communication.",NULL,NULL,NULL,"The trainings have not prepared me to engage in science communication. ",2,2
38,"Spring 2022","prepost13","Think about the classes and professional development training you have had in the past. How good of a job did they prepare you to engage in science communication?","Scale","The trainings have prepared me to engage in science communication.",NULL,NULL,NULL,"The trainings have not prepared me to engage in science communication. ",4,4
66,"Spring 2022","prepost13","Think about the classes and professional development training you have had in the past. How good of a job did they prepare you to engage in science communication?","Scale","The trainings have prepared me to engage in science communication.",NULL,NULL,NULL,"The trainings have not prepared me to engage in science communication. ",1,1
89,"Spring 2023","prepost13","Think about the classes and professional development training you have had in the past. How good of a job did they prepare you to engage in science communication?","Scale","The trainings have prepared me to engage in science communication.",NULL,NULL,NULL,"The trainings have not prepared me to engage in science communication. ",1,1
14,"Fall 2022","prepost13","Think about the classes and professional development training you have had in the past. How good of a job did they prepare you to engage in science communication?","Scale","The trainings have prepared me to engage in science communication.",NULL,NULL,NULL,"The trainings have not prepared me to engage in science communication. ",3,2
72,"Spring 2023","prepost13","Think about the classes and professional development training you have had in the past. How good of a job did they prepare you to engage in science communication?","Scale","The trainings have prepared me to engage in science communication.",NULL,NULL,NULL,"The trainings have not prepared me to engage in science communication. ",2,2
36,"All","prepost13","Think about the classes and professional development training you have had in the past. How good of a job did they prepare you to engage in science communication?","Scale","The trainings have prepared me to engage in science communication.",NULL,NULL,NULL,"The trainings have not prepared me to engage in science communication. ",1,1
84,"Spring 2023","prepost13","Think about the classes and professional development training you have had in the past. How good of a job did they prepare you to engage in science communication?","Scale","The trainings have prepared me to engage in science communication.",NULL,NULL,NULL,"The trainings have not prepared me to engage in science communication. ",2,1
58,"Spring 2022","prepost13","Think about the classes and professional development training you have had in the past. How good of a job did they prepare you to engage in science communication?","Scale","The trainings have prepared me to engage in science communication.",NULL,NULL,NULL,"The trainings have not prepared me to engage in science communication. ",3,2
78,"Spring 2023","prepost13","Think about the classes and professional development training you have had in the past. How good of a job did they prepare you to engage in science communication?","Scale","The trainings have prepared me to engage in science communication.",NULL,NULL,NULL,"The trainings have not prepared me to engage in science communication. ",3,2
68,"Spring 2022","prepost13","Think about the classes and professional development training you have had in the past. How good of a job did they prepare you to engage in science communication?","Scale","The trainings have prepared me to engage in science communication.",NULL,NULL,NULL,"The trainings have not prepared me to engage in science communication. ",4,3
73,"Spring 2022","prepost13","Think about the classes and professional development training you have had in the past. How good of a job did they prepare you to engage in science communication?","Scale","The trainings have prepared me to engage in science communication.",NULL,NULL,NULL,"The trainings have not prepared me to engage in science communication. ",1,1
47,"Spring 2022","prepost13","Think about the classes and professional development training you have had in the past. How good of a job did they prepare you to engage in science communication?","Scale","The trainings have prepared me to engage in science communication.",NULL,NULL,NULL,"The trainings have not prepared me to engage in science communication. ",4,3
36,"All","prepost13","Think about the classes and professional development training you have had in the past. How good of a job did they prepare you to engage in science communication?","Scale","The trainings have prepared me to engage in science communication.",NULL,NULL,NULL,"The trainings have not prepared me to engage in science communication. ",1,3
36,"All","prepost13","Think about the classes and professional development training you have had in the past. How good of a job did they prepare you to engage in science communication?","Scale","The trainings have prepared me to engage in science communication.",NULL,NULL,NULL,"The trainings have not prepared me to engage in science communication. ",1,1
1,"Spring 2022","prepost13","Think about the classes and professional development training you have had in the past. How good of a job did they prepare you to engage in science communication?","Scale","The trainings have prepared me to engage in science communication.",NULL,NULL,NULL,"The trainings have not prepared me to engage in science communication. ",3,4
88,"Spring 2023","prepost13","Think about the classes and professional development training you have had in the past. How good of a job did they prepare you to engage in science communication?","Scale","The trainings have prepared me to engage in science communication.",NULL,NULL,NULL,"The trainings have not prepared me to engage in science communication. ",3,1
23,"Spring 2023","prepost13","Think about the classes and professional development training you have had in the past. How good of a job did they prepare you to engage in science communication?","Scale","The trainings have prepared me to engage in science communication.",NULL,NULL,NULL,"The trainings have not prepared me to engage in science communication. ",4,1
46,"Spring 2023","prepost13","Think about the classes and professional development training you have had in the past. How good of a job did they prepare you to engage in science communication?","Scale","The trainings have prepared me to engage in science communication.",NULL,NULL,NULL,"The trainings have not prepared me to engage in science communication. ",1,1
83,"Spring 2022","prepost13","Think about the classes and professional development training you have had in the past. How good of a job did they prepare you to engage in science communication?","Scale","The trainings have prepared me to engage in science communication.",NULL,NULL,NULL,"The trainings have not prepared me to engage in science communication. ",3,1
37,"Spring 2023","prepost13","Think about the classes and professional development training you have had in the past. How good of a job did they prepare you to engage in science communication?","Scale","The trainings have prepared me to engage in science communication.",NULL,NULL,NULL,"The trainings have not prepared me to engage in science communication. ",3,1
28,"Spring 2023","prepost13","Think about the classes and professional development training you have had in the past. How good of a job did they prepare you to engage in science communication?","Scale","The trainings have prepared me to engage in science communication.",NULL,NULL,NULL,"The trainings have not prepared me to engage in science communication. ",2,1
54,"Spring 2022","prepost13","Think about the classes and professional development training you have had in the past. How good of a job did they prepare you to engage in science communication?","Scale","The trainings have prepared me to engage in science communication.",NULL,NULL,NULL,"The trainings have not prepared me to engage in science communication. ",2,2
61,"Spring 2022","prepost13","Think about the classes and professional development training you have had in the past. How good of a job did they prepare you to engage in science communication?","Scale","The trainings have prepared me to engage in science communication.",NULL,NULL,NULL,"The trainings have not prepared me to engage in science communication. ",1,1
35,"Spring 2023","prepost13","Think about the classes and professional development training you have had in the past. How good of a job did they prepare you to engage in science communication?","Scale","The trainings have prepared me to engage in science communication.",NULL,NULL,NULL,"The trainings have not prepared me to engage in science communication. ",4,4
21,"Fall 2022","prepost13","Think about the classes and professional development training you have had in the past. How good of a job did they prepare you to engage in science communication?","Scale","The trainings have prepared me to engage in science communication.",NULL,NULL,NULL,"The trainings have not prepared me to engage in science communication. ",3,2
108,"Spring 2023","prepost13","Think about the classes and professional development training you have had in the past. How good of a job did they prepare you to engage in science communication?","Scale","The trainings have prepared me to engage in science communication.",NULL,NULL,NULL,"The trainings have not prepared me to engage in science communication. ",3,3
4,"Spring 2023","prepost13","Think about the classes and professional development training you have had in the past. How good of a job did they prepare you to engage in science communication?","Scale","The trainings have prepared me to engage in science communication.",NULL,NULL,NULL,"The trainings have not prepared me to engage in science communication. ",3,3
48,"Spring 2022","prepost13","Think about the classes and professional development training you have had in the past. How good of a job did they prepare you to engage in science communication?","Scale","The trainings have prepared me to engage in science communication.",NULL,NULL,NULL,"The trainings have not prepared me to engage in science communication. ",3,2
82,"Fall 2022","prepost13","Think about the classes and professional development training you have had in the past. How good of a job did they prepare you to engage in science communication?","Scale","The trainings have prepared me to engage in science communication.",NULL,NULL,NULL,"The trainings have not prepared me to engage in science communication. ",3,3
6,"Spring 2023","prepost13","Think about the classes and professional development training you have had in the past. How good of a job did they prepare you to engage in science communication?","Scale","The trainings have prepared me to engage in science communication.",NULL,NULL,NULL,"The trainings have not prepared me to engage in science communication. ",3,2
90,"Spring 2022","prepost13","Think about the classes and professional development training you have had in the past. How good of a job did they prepare you to engage in science communication?","Scale","The trainings have prepared me to engage in science communication.",NULL,NULL,NULL,"The trainings have not prepared me to engage in science communication. ",4,2
36,"All","prepost13","Think about the classes and professional development training you have had in the past. How good of a job did they prepare you to engage in science communication?","Scale","The trainings have prepared me to engage in science communication.",NULL,NULL,NULL,"The trainings have not prepared me to engage in science communication. ",4,1
36,"All","prepost13","Think about the classes and professional development training you have had in the past. How good of a job did they prepare you to engage in science communication?","Scale","The trainings have prepared me to engage in science communication.",NULL,NULL,NULL,"The trainings have not prepared me to engage in science communication. ",4,3
36,"All","prepost13","Think about the classes and professional development training you have had in the past. How good of a job did they prepare you to engage in science communication?","Scale","The trainings have prepared me to engage in science communication.",NULL,NULL,NULL,"The trainings have not prepared me to engage in science communication. ",4,1
2,"Spring 2023","prepost13","Think about the classes and professional development training you have had in the past. How good of a job did they prepare you to engage in science communication?","Scale","The trainings have prepared me to engage in science communication.",NULL,NULL,NULL,"The trainings have not prepared me to engage in science communication. ",2,2
63,"Spring 2023","prepost13","Think about the classes and professional development training you have had in the past. How good of a job did they prepare you to engage in science communication?","Scale","The trainings have prepared me to engage in science communication.",NULL,NULL,NULL,"The trainings have not prepared me to engage in science communication. ",4,4
45,"Spring 2022","prepost13","Think about the classes and professional development training you have had in the past. How good of a job did they prepare you to engage in science communication?","Scale","The trainings have prepared me to engage in science communication.",NULL,NULL,NULL,"The trainings have not prepared me to engage in science communication. ",2,2
34,"Spring 2023","prepost13","Think about the classes and professional development training you have had in the past. How good of a job did they prepare you to engage in science communication?","Scale","The trainings have prepared me to engage in science communication.",NULL,NULL,NULL,"The trainings have not prepared me to engage in science communication. ",3,1
67,"Fall 2022","prepost13","Think about the classes and professional development training you have had in the past. How good of a job did they prepare you to engage in science communication?","Scale","The trainings have prepared me to engage in science communication.",NULL,NULL,NULL,"The trainings have not prepared me to engage in science communication. ",2,5
43,"Spring 2022","prepost13","Think about the classes and professional development training you have had in the past. How good of a job did they prepare you to engage in science communication?","Scale","The trainings have prepared me to engage in science communication.",NULL,NULL,NULL,"The trainings have not prepared me to engage in science communication. ",2,2
65,"Spring 2022","prepost13","Think about the classes and professional development training you have had in the past. How good of a job did they prepare you to engage in science communication?","Scale","The trainings have prepared me to engage in science communication.",NULL,NULL,NULL,"The trainings have not prepared me to engage in science communication. ",1,1
25,"Fall 2022","prepost13","Think about the classes and professional development training you have had in the past. How good of a job did they prepare you to engage in science communication?","Scale","The trainings have prepared me to engage in science communication.",NULL,NULL,NULL,"The trainings have not prepared me to engage in science communication. ",3,4
31,"Spring 2022","prepost13","Think about the classes and professional development training you have had in the past. How good of a job did they prepare you to engage in science communication?","Scale","The trainings have prepared me to engage in science communication.",NULL,NULL,NULL,"The trainings have not prepared me to engage in science communication. ",4,3
86,"Spring 2023","prepost13","Think about the classes and professional development training you have had in the past. How good of a job did they prepare you to engage in science communication?","Scale","The trainings have prepared me to engage in science communication.",NULL,NULL,NULL,"The trainings have not prepared me to engage in science communication. ",3,2
52,"Spring 2023","prepost13","Think about the classes and professional development training you have had in the past. How good of a job did they prepare you to engage in science communication?","Scale","The trainings have prepared me to engage in science communication.",NULL,NULL,NULL,"The trainings have not prepared me to engage in science communication. ",3,2
74,"Spring 2022","prepost13","Think about the classes and professional development training you have had in the past. How good of a job did they prepare you to engage in science communication?","Scale","The trainings have prepared me to engage in science communication.",NULL,NULL,NULL,"The trainings have not prepared me to engage in science communication. ",4,4
103,"Spring 2022","prepost13","Think about the classes and professional development training you have had in the past. How good of a job did they prepare you to engage in science communication?","Scale","The trainings have prepared me to engage in science communication.",NULL,NULL,NULL,"The trainings have not prepared me to engage in science communication. ",2,2
44,"Spring 2022","prepost13","Think about the classes and professional development training you have had in the past. How good of a job did they prepare you to engage in science communication?","Scale","The trainings have prepared me to engage in science communication.",NULL,NULL,NULL,"The trainings have not prepared me to engage in science communication. ",2,3
81,"Fall 2022","prepost13","Think about the classes and professional development training you have had in the past. How good of a job did they prepare you to engage in science communication?","Scale","The trainings have prepared me to engage in science communication.",NULL,NULL,NULL,"The trainings have not prepared me to engage in science communication. ",3,3
106,"Fall 2022","prepost13","Think about the classes and professional development training you have had in the past. How good of a job did they prepare you to engage in science communication?","Scale","The trainings have prepared me to engage in science communication.",NULL,NULL,NULL,"The trainings have not prepared me to engage in science communication. ",3,4
87,"Spring 2022","prepost13","Think about the classes and professional development training you have had in the past. How good of a job did they prepare you to engage in science communication?","Scale","The trainings have prepared me to engage in science communication.",NULL,NULL,NULL,"The trainings have not prepared me to engage in science communication. ",2,3
64,"Spring 2023","prepost13","Think about the classes and professional development training you have had in the past. How good of a job did they prepare you to engage in science communication?","Scale","The trainings have prepared me to engage in science communication.",NULL,NULL,NULL,"The trainings have not prepared me to engage in science communication. ",1,1
32,"Spring 2022","prepost13","Think about the classes and professional development training you have had in the past. How good of a job did they prepare you to engage in science communication?","Scale","The trainings have prepared me to engage in science communication.",NULL,NULL,NULL,"The trainings have not prepared me to engage in science communication. ",2,3
51,"Spring 2023","prepost13","Think about the classes and professional development training you have had in the past. How good of a job did they prepare you to engage in science communication?","Scale","The trainings have prepared me to engage in science communication.",NULL,NULL,NULL,"The trainings have not prepared me to engage in science communication. ",1,2
24,"Spring 2022","prepost13","Think about the classes and professional development training you have had in the past. How good of a job did they prepare you to engage in science communication?","Scale","The trainings have prepared me to engage in science communication.",NULL,NULL,NULL,"The trainings have not prepared me to engage in science communication. ",3,2
96,"Spring 2022","prepost13","Think about the classes and professional development training you have had in the past. How good of a job did they prepare you to engage in science communication?","Scale","The trainings have prepared me to engage in science communication.",NULL,NULL,NULL,"The trainings have not prepared me to engage in science communication. ",2,2
57,"Spring 2022","prepost13","Think about the classes and professional development training you have had in the past. How good of a job did they prepare you to engage in science communication?","Scale","The trainings have prepared me to engage in science communication.",NULL,NULL,NULL,"The trainings have not prepared me to engage in science communication. ",2,1
71,"Spring 2022","prepost13","Think about the classes and professional development training you have had in the past. How good of a job did they prepare you to engage in science communication?","Scale","The trainings have prepared me to engage in science communication.",NULL,NULL,NULL,"The trainings have not prepared me to engage in science communication. ",2,1
26,"Spring 2022","prepost13","Think about the classes and professional development training you have had in the past. How good of a job did they prepare you to engage in science communication?","Scale","The trainings have prepared me to engage in science communication.",NULL,NULL,NULL,"The trainings have not prepared me to engage in science communication. ",4,2
30,"Fall 2022","prepost13","Think about the classes and professional development training you have had in the past. How good of a job did they prepare you to engage in science communication?","Scale","The trainings have prepared me to engage in science communication.",NULL,NULL,NULL,"The trainings have not prepared me to engage in science communication. ",3,2
67,"Fall 2022","prepost14_1","I will be successful at engaging in science communication in the next year.","Level of Agreement","Strongly disagree","Somewhat disagree","Neither agree nor disagree","Somewhat agree","Strongly agree",4,5
54,"Spring 2022","prepost14_1","I will be successful at engaging in science communication in the next year.","Level of Agreement","Strongly disagree","Somewhat disagree","Neither agree nor disagree","Somewhat agree","Strongly agree",4,4
30,"Fall 2022","prepost14_1","I will be successful at engaging in science communication in the next year.","Level of Agreement","Strongly disagree","Somewhat disagree","Neither agree nor disagree","Somewhat agree","Strongly agree",4,4
43,"Spring 2022","prepost14_1","I will be successful at engaging in science communication in the next year.","Level of Agreement","Strongly disagree","Somewhat disagree","Neither agree nor disagree","Somewhat agree","Strongly agree",4,5
38,"Spring 2022","prepost14_1","I will be successful at engaging in science communication in the next year.","Level of Agreement","Strongly disagree","Somewhat disagree","Neither agree nor disagree","Somewhat agree","Strongly agree",4,5
75,"Spring 2023","prepost14_1","I will be successful at engaging in science communication in the next year.","Level of Agreement","Strongly disagree","Somewhat disagree","Neither agree nor disagree","Somewhat agree","Strongly agree",4,4
36,"All","prepost14_1","I will be successful at engaging in science communication in the next year.","Level of Agreement","Strongly disagree","Somewhat disagree","Neither agree nor disagree","Somewhat agree","Strongly agree",5,5
83,"Spring 2022","prepost14_1","I will be successful at engaging in science communication in the next year.","Level of Agreement","Strongly disagree","Somewhat disagree","Neither agree nor disagree","Somewhat agree","Strongly agree",4,4
5,"Spring 2022","prepost14_1","I will be successful at engaging in science communication in the next year.","Level of Agreement","Strongly disagree","Somewhat disagree","Neither agree nor disagree","Somewhat agree","Strongly agree",4,4
28,"Spring 2023","prepost14_1","I will be successful at engaging in science communication in the next year.","Level of Agreement","Strongly disagree","Somewhat disagree","Neither agree nor disagree","Somewhat agree","Strongly agree",4,4
20,"Fall 2022","prepost14_1","I will be successful at engaging in science communication in the next year.","Level of Agreement","Strongly disagree","Somewhat disagree","Neither agree nor disagree","Somewhat agree","Strongly agree",3,4
36,"All","prepost14_1","I will be successful at engaging in science communication in the next year.","Level of Agreement","Strongly disagree","Somewhat disagree","Neither agree nor disagree","Somewhat agree","Strongly agree",5,5
36,"All","prepost14_1","I will be successful at engaging in science communication in the next year.","Level of Agreement","Strongly disagree","Somewhat disagree","Neither agree nor disagree","Somewhat agree","Strongly agree",5,5
51,"Spring 2023","prepost14_1","I will be successful at engaging in science communication in the next year.","Level of Agreement","Strongly disagree","Somewhat disagree","Neither agree nor disagree","Somewhat agree","Strongly agree",5,5
55,"Spring 2022","prepost14_1","I will be successful at engaging in science communication in the next year.","Level of Agreement","Strongly disagree","Somewhat disagree","Neither agree nor disagree","Somewhat agree","Strongly agree",3,4
35,"Spring 2023","prepost14_1","I will be successful at engaging in science communication in the next year.","Level of Agreement","Strongly disagree","Somewhat disagree","Neither agree nor disagree","Somewhat agree","Strongly agree",5,4
60,"Spring 2022","prepost14_1","I will be successful at engaging in science communication in the next year.","Level of Agreement","Strongly disagree","Somewhat disagree","Neither agree nor disagree","Somewhat agree","Strongly agree",4,3
4,"Spring 2023","prepost14_1","I will be successful at engaging in science communication in the next year.","Level of Agreement","Strongly disagree","Somewhat disagree","Neither agree nor disagree","Somewhat agree","Strongly agree",4,4
53,"Spring 2022","prepost14_1","I will be successful at engaging in science communication in the next year.","Level of Agreement","Strongly disagree","Somewhat disagree","Neither agree nor disagree","Somewhat agree","Strongly agree",4,3
11,"Spring 2023","prepost14_1","I will be successful at engaging in science communication in the next year.","Level of Agreement","Strongly disagree","Somewhat disagree","Neither agree nor disagree","Somewhat agree","Strongly agree",4,4
89,"Spring 2023","prepost14_1","I will be successful at engaging in science communication in the next year.","Level of Agreement","Strongly disagree","Somewhat disagree","Neither agree nor disagree","Somewhat agree","Strongly agree",5,5
63,"Spring 2023","prepost14_1","I will be successful at engaging in science communication in the next year.","Level of Agreement","Strongly disagree","Somewhat disagree","Neither agree nor disagree","Somewhat agree","Strongly agree",4,4
41,"Fall 2022","prepost14_1","I will be successful at engaging in science communication in the next year.","Level of Agreement","Strongly disagree","Somewhat disagree","Neither agree nor disagree","Somewhat agree","Strongly agree",3,4
44,"Spring 2022","prepost14_1","I will be successful at engaging in science communication in the next year.","Level of Agreement","Strongly disagree","Somewhat disagree","Neither agree nor disagree","Somewhat agree","Strongly agree",4,4
31,"Spring 2022","prepost14_1","I will be successful at engaging in science communication in the next year.","Level of Agreement","Strongly disagree","Somewhat disagree","Neither agree nor disagree","Somewhat agree","Strongly agree",4,4
108,"Spring 2023","prepost14_1","I will be successful at engaging in science communication in the next year.","Level of Agreement","Strongly disagree","Somewhat disagree","Neither agree nor disagree","Somewhat agree","Strongly agree",4,5
21,"Fall 2022","prepost14_1","I will be successful at engaging in science communication in the next year.","Level of Agreement","Strongly disagree","Somewhat disagree","Neither agree nor disagree","Somewhat agree","Strongly agree",4,4
81,"Fall 2022","prepost14_1","I will be successful at engaging in science communication in the next year.","Level of Agreement","Strongly disagree","Somewhat disagree","Neither agree nor disagree","Somewhat agree","Strongly agree",3,4
48,"Spring 2022","prepost14_1","I will be successful at engaging in science communication in the next year.","Level of Agreement","Strongly disagree","Somewhat disagree","Neither agree nor disagree","Somewhat agree","Strongly agree",3,4
103,"Spring 2022","prepost14_1","I will be successful at engaging in science communication in the next year.","Level of Agreement","Strongly disagree","Somewhat disagree","Neither agree nor disagree","Somewhat agree","Strongly agree",4,4
14,"Fall 2022","prepost14_1","I will be successful at engaging in science communication in the next year.","Level of Agreement","Strongly disagree","Somewhat disagree","Neither agree nor disagree","Somewhat agree","Strongly agree",4,4
33,"Spring 2023","prepost14_1","I will be successful at engaging in science communication in the next year.","Level of Agreement","Strongly disagree","Somewhat disagree","Neither agree nor disagree","Somewhat agree","Strongly agree",4,4
66,"Spring 2022","prepost14_1","I will be successful at engaging in science communication in the next year.","Level of Agreement","Strongly disagree","Somewhat disagree","Neither agree nor disagree","Somewhat agree","Strongly agree",5,5
15,"Fall 2022","prepost14_1","I will be successful at engaging in science communication in the next year.","Level of Agreement","Strongly disagree","Somewhat disagree","Neither agree nor disagree","Somewhat agree","Strongly agree",5,5
64,"Spring 2023","prepost14_1","I will be successful at engaging in science communication in the next year.","Level of Agreement","Strongly disagree","Somewhat disagree","Neither agree nor disagree","Somewhat agree","Strongly agree",5,5
40,"Spring 2022","prepost14_1","I will be successful at engaging in science communication in the next year.","Level of Agreement","Strongly disagree","Somewhat disagree","Neither agree nor disagree","Somewhat agree","Strongly agree",4,4
25,"Fall 2022","prepost14_1","I will be successful at engaging in science communication in the next year.","Level of Agreement","Strongly disagree","Somewhat disagree","Neither agree nor disagree","Somewhat agree","Strongly agree",4,4
87,"Spring 2022","prepost14_1","I will be successful at engaging in science communication in the next year.","Level of Agreement","Strongly disagree","Somewhat disagree","Neither agree nor disagree","Somewhat agree","Strongly agree",4,4
90,"Spring 2022","prepost14_1","I will be successful at engaging in science communication in the next year.","Level of Agreement","Strongly disagree","Somewhat disagree","Neither agree nor disagree","Somewhat agree","Strongly agree",4,5
86,"Spring 2023","prepost14_1","I will be successful at engaging in science communication in the next year.","Level of Agreement","Strongly disagree","Somewhat disagree","Neither agree nor disagree","Somewhat agree","Strongly agree",4,4
2,"Spring 2023","prepost14_1","I will be successful at engaging in science communication in the next year.","Level of Agreement","Strongly disagree","Somewhat disagree","Neither agree nor disagree","Somewhat agree","Strongly agree",3,4
58,"Spring 2022","prepost14_1","I will be successful at engaging in science communication in the next year.","Level of Agreement","Strongly disagree","Somewhat disagree","Neither agree nor disagree","Somewhat agree","Strongly agree",4,4
57,"Spring 2022","prepost14_1","I will be successful at engaging in science communication in the next year.","Level of Agreement","Strongly disagree","Somewhat disagree","Neither agree nor disagree","Somewhat agree","Strongly agree",4,4
72,"Spring 2023","prepost14_1","I will be successful at engaging in science communication in the next year.","Level of Agreement","Strongly disagree","Somewhat disagree","Neither agree nor disagree","Somewhat agree","Strongly agree",4,4
82,"Fall 2022","prepost14_1","I will be successful at engaging in science communication in the next year.","Level of Agreement","Strongly disagree","Somewhat disagree","Neither agree nor disagree","Somewhat agree","Strongly agree",4,3
45,"Spring 2022","prepost14_1","I will be successful at engaging in science communication in the next year.","Level of Agreement","Strongly disagree","Somewhat disagree","Neither agree nor disagree","Somewhat agree","Strongly agree",4,4
24,"Spring 2022","prepost14_1","I will be successful at engaging in science communication in the next year.","Level of Agreement","Strongly disagree","Somewhat disagree","Neither agree nor disagree","Somewhat agree","Strongly agree",4,5
78,"Spring 2023","prepost14_1","I will be successful at engaging in science communication in the next year.","Level of Agreement","Strongly disagree","Somewhat disagree","Neither agree nor disagree","Somewhat agree","Strongly agree",4,4
65,"Spring 2022","prepost14_1","I will be successful at engaging in science communication in the next year.","Level of Agreement","Strongly disagree","Somewhat disagree","Neither agree nor disagree","Somewhat agree","Strongly agree",5,5
84,"Spring 2023","prepost14_1","I will be successful at engaging in science communication in the next year.","Level of Agreement","Strongly disagree","Somewhat disagree","Neither agree nor disagree","Somewhat agree","Strongly agree",3,4
26,"Spring 2022","prepost14_1","I will be successful at engaging in science communication in the next year.","Level of Agreement","Strongly disagree","Somewhat disagree","Neither agree nor disagree","Somewhat agree","Strongly agree",3,3
47,"Spring 2022","prepost14_1","I will be successful at engaging in science communication in the next year.","Level of Agreement","Strongly disagree","Somewhat disagree","Neither agree nor disagree","Somewhat agree","Strongly agree",4,4
71,"Spring 2022","prepost14_1","I will be successful at engaging in science communication in the next year.","Level of Agreement","Strongly disagree","Somewhat disagree","Neither agree nor disagree","Somewhat agree","Strongly agree",5,5
68,"Spring 2022","prepost14_1","I will be successful at engaging in science communication in the next year.","Level of Agreement","Strongly disagree","Somewhat disagree","Neither agree nor disagree","Somewhat agree","Strongly agree",4,4
36,"All","prepost14_1","I will be successful at engaging in science communication in the next year.","Level of Agreement","Strongly disagree","Somewhat disagree","Neither agree nor disagree","Somewhat agree","Strongly agree",4,5
36,"All","prepost14_1","I will be successful at engaging in science communication in the next year.","Level of Agreement","Strongly disagree","Somewhat disagree","Neither agree nor disagree","Somewhat agree","Strongly agree",4,5
36,"All","prepost14_1","I will be successful at engaging in science communication in the next year.","Level of Agreement","Strongly disagree","Somewhat disagree","Neither agree nor disagree","Somewhat agree","Strongly agree",4,5
49,"Spring 2022","prepost14_1","I will be successful at engaging in science communication in the next year.","Level of Agreement","Strongly disagree","Somewhat disagree","Neither agree nor disagree","Somewhat agree","Strongly agree",5,4
73,"Spring 2022","prepost14_1","I will be successful at engaging in science communication in the next year.","Level of Agreement","Strongly disagree","Somewhat disagree","Neither agree nor disagree","Somewhat agree","Strongly agree",5,4
88,"Spring 2023","prepost14_1","I will be successful at engaging in science communication in the next year.","Level of Agreement","Strongly disagree","Somewhat disagree","Neither agree nor disagree","Somewhat agree","Strongly agree",5,5
52,"Spring 2023","prepost14_1","I will be successful at engaging in science communication in the next year.","Level of Agreement","Strongly disagree","Somewhat disagree","Neither agree nor disagree","Somewhat agree","Strongly agree",4,4
1,"Spring 2022","prepost14_1","I will be successful at engaging in science communication in the next year.","Level of Agreement","Strongly disagree","Somewhat disagree","Neither agree nor disagree","Somewhat agree","Strongly agree",4,5
85,"Spring 2022","prepost14_1","I will be successful at engaging in science communication in the next year.","Level of Agreement","Strongly disagree","Somewhat disagree","Neither agree nor disagree","Somewhat agree","Strongly agree",4,3
32,"Spring 2022","prepost14_1","I will be successful at engaging in science communication in the next year.","Level of Agreement","Strongly disagree","Somewhat disagree","Neither agree nor disagree","Somewhat agree","Strongly agree",4,4
36,"All","prepost14_1","I will be successful at engaging in science communication in the next year.","Level of Agreement","Strongly disagree","Somewhat disagree","Neither agree nor disagree","Somewhat agree","Strongly agree",4,5
6,"Spring 2023","prepost14_1","I will be successful at engaging in science communication in the next year.","Level of Agreement","Strongly disagree","Somewhat disagree","Neither agree nor disagree","Somewhat agree","Strongly agree",5,5
23,"Spring 2023","prepost14_1","I will be successful at engaging in science communication in the next year.","Level of Agreement","Strongly disagree","Somewhat disagree","Neither agree nor disagree","Somewhat agree","Strongly agree",5,5
106,"Fall 2022","prepost14_1","I will be successful at engaging in science communication in the next year.","Level of Agreement","Strongly disagree","Somewhat disagree","Neither agree nor disagree","Somewhat agree","Strongly agree",4,4
36,"All","prepost14_1","I will be successful at engaging in science communication in the next year.","Level of Agreement","Strongly disagree","Somewhat disagree","Neither agree nor disagree","Somewhat agree","Strongly agree",4,5
34,"Spring 2023","prepost14_1","I will be successful at engaging in science communication in the next year.","Level of Agreement","Strongly disagree","Somewhat disagree","Neither agree nor disagree","Somewhat agree","Strongly agree",5,5
46,"Spring 2023","prepost14_1","I will be successful at engaging in science communication in the next year.","Level of Agreement","Strongly disagree","Somewhat disagree","Neither agree nor disagree","Somewhat agree","Strongly agree",5,5
36,"All","prepost14_1","I will be successful at engaging in science communication in the next year.","Level of Agreement","Strongly disagree","Somewhat disagree","Neither agree nor disagree","Somewhat agree","Strongly agree",4,5
74,"Spring 2022","prepost14_1","I will be successful at engaging in science communication in the next year.","Level of Agreement","Strongly disagree","Somewhat disagree","Neither agree nor disagree","Somewhat agree","Strongly agree",5,5
61,"Spring 2022","prepost14_1","I will be successful at engaging in science communication in the next year.","Level of Agreement","Strongly disagree","Somewhat disagree","Neither agree nor disagree","Somewhat agree","Strongly agree",5,5
37,"Spring 2023","prepost14_1","I will be successful at engaging in science communication in the next year.","Level of Agreement","Strongly disagree","Somewhat disagree","Neither agree nor disagree","Somewhat agree","Strongly agree",5,5
96,"Spring 2022","prepost14_1","I will be successful at engaging in science communication in the next year.","Level of Agreement","Strongly disagree","Somewhat disagree","Neither agree nor disagree","Somewhat agree","Strongly agree",4,4
103,"Spring 2022","prepost14_2","The public will be more accepting of science after I engage in science communication.","Level of Agreement","Strongly disagree","Somewhat disagree","Neither agree nor disagree","Somewhat agree","Strongly agree",4,3
6,"Spring 2023","prepost14_2","The public will be more accepting of science after I engage in science communication.","Level of Agreement","Strongly disagree","Somewhat disagree","Neither agree nor disagree","Somewhat agree","Strongly agree",5,5
58,"Spring 2022","prepost14_2","The public will be more accepting of science after I engage in science communication.","Level of Agreement","Strongly disagree","Somewhat disagree","Neither agree nor disagree","Somewhat agree","Strongly agree",4,4
87,"Spring 2022","prepost14_2","The public will be more accepting of science after I engage in science communication.","Level of Agreement","Strongly disagree","Somewhat disagree","Neither agree nor disagree","Somewhat agree","Strongly agree",3,3
73,"Spring 2022","prepost14_2","The public will be more accepting of science after I engage in science communication.","Level of Agreement","Strongly disagree","Somewhat disagree","Neither agree nor disagree","Somewhat agree","Strongly agree",4,3
2,"Spring 2023","prepost14_2","The public will be more accepting of science after I engage in science communication.","Level of Agreement","Strongly disagree","Somewhat disagree","Neither agree nor disagree","Somewhat agree","Strongly agree",4,4
33,"Spring 2023","prepost14_2","The public will be more accepting of science after I engage in science communication.","Level of Agreement","Strongly disagree","Somewhat disagree","Neither agree nor disagree","Somewhat agree","Strongly agree",3,4
63,"Spring 2023","prepost14_2","The public will be more accepting of science after I engage in science communication.","Level of Agreement","Strongly disagree","Somewhat disagree","Neither agree nor disagree","Somewhat agree","Strongly agree",4,4
85,"Spring 2022","prepost14_2","The public will be more accepting of science after I engage in science communication.","Level of Agreement","Strongly disagree","Somewhat disagree","Neither agree nor disagree","Somewhat agree","Strongly agree",4,3
38,"Spring 2022","prepost14_2","The public will be more accepting of science after I engage in science communication.","Level of Agreement","Strongly disagree","Somewhat disagree","Neither agree nor disagree","Somewhat agree","Strongly agree",4,5
61,"Spring 2022","prepost14_2","The public will be more accepting of science after I engage in science communication.","Level of Agreement","Strongly disagree","Somewhat disagree","Neither agree nor disagree","Somewhat agree","Strongly agree",5,5
78,"Spring 2023","prepost14_2","The public will be more accepting of science after I engage in science communication.","Level of Agreement","Strongly disagree","Somewhat disagree","Neither agree nor disagree","Somewhat agree","Strongly agree",5,5
1,"Spring 2022","prepost14_2","The public will be more accepting of science after I engage in science communication.","Level of Agreement","Strongly disagree","Somewhat disagree","Neither agree nor disagree","Somewhat agree","Strongly agree",3,4
68,"Spring 2022","prepost14_2","The public will be more accepting of science after I engage in science communication.","Level of Agreement","Strongly disagree","Somewhat disagree","Neither agree nor disagree","Somewhat agree","Strongly agree",4,4
49,"Spring 2022","prepost14_2","The public will be more accepting of science after I engage in science communication.","Level of Agreement","Strongly disagree","Somewhat disagree","Neither agree nor disagree","Somewhat agree","Strongly agree",4,3
23,"Spring 2023","prepost14_2","The public will be more accepting of science after I engage in science communication.","Level of Agreement","Strongly disagree","Somewhat disagree","Neither agree nor disagree","Somewhat agree","Strongly agree",5,5
37,"Spring 2023","prepost14_2","The public will be more accepting of science after I engage in science communication.","Level of Agreement","Strongly disagree","Somewhat disagree","Neither agree nor disagree","Somewhat agree","Strongly agree",4,5
46,"Spring 2023","prepost14_2","The public will be more accepting of science after I engage in science communication.","Level of Agreement","Strongly disagree","Somewhat disagree","Neither agree nor disagree","Somewhat agree","Strongly agree",4,4
35,"Spring 2023","prepost14_2","The public will be more accepting of science after I engage in science communication.","Level of Agreement","Strongly disagree","Somewhat disagree","Neither agree nor disagree","Somewhat agree","Strongly agree",4,4
11,"Spring 2023","prepost14_2","The public will be more accepting of science after I engage in science communication.","Level of Agreement","Strongly disagree","Somewhat disagree","Neither agree nor disagree","Somewhat agree","Strongly agree",4,4
90,"Spring 2022","prepost14_2","The public will be more accepting of science after I engage in science communication.","Level of Agreement","Strongly disagree","Somewhat disagree","Neither agree nor disagree","Somewhat agree","Strongly agree",3,3
108,"Spring 2023","prepost14_2","The public will be more accepting of science after I engage in science communication.","Level of Agreement","Strongly disagree","Somewhat disagree","Neither agree nor disagree","Somewhat agree","Strongly agree",3,4
36,"All","prepost14_2","The public will be more accepting of science after I engage in science communication.","Level of Agreement","Strongly disagree","Somewhat disagree","Neither agree nor disagree","Somewhat agree","Strongly agree",4,5
36,"All","prepost14_2","The public will be more accepting of science after I engage in science communication.","Level of Agreement","Strongly disagree","Somewhat disagree","Neither agree nor disagree","Somewhat agree","Strongly agree",4,5
36,"All","prepost14_2","The public will be more accepting of science after I engage in science communication.","Level of Agreement","Strongly disagree","Somewhat disagree","Neither agree nor disagree","Somewhat agree","Strongly agree",4,5
32,"Spring 2022","prepost14_2","The public will be more accepting of science after I engage in science communication.","Level of Agreement","Strongly disagree","Somewhat disagree","Neither agree nor disagree","Somewhat agree","Strongly agree",4,3
86,"Spring 2023","prepost14_2","The public will be more accepting of science after I engage in science communication.","Level of Agreement","Strongly disagree","Somewhat disagree","Neither agree nor disagree","Somewhat agree","Strongly agree",4,4
74,"Spring 2022","prepost14_2","The public will be more accepting of science after I engage in science communication.","Level of Agreement","Strongly disagree","Somewhat disagree","Neither agree nor disagree","Somewhat agree","Strongly agree",3,4
52,"Spring 2023","prepost14_2","The public will be more accepting of science after I engage in science communication.","Level of Agreement","Strongly disagree","Somewhat disagree","Neither agree nor disagree","Somewhat agree","Strongly agree",4,4
64,"Spring 2023","prepost14_2","The public will be more accepting of science after I engage in science communication.","Level of Agreement","Strongly disagree","Somewhat disagree","Neither agree nor disagree","Somewhat agree","Strongly agree",4,4
5,"Spring 2022","prepost14_2","The public will be more accepting of science after I engage in science communication.","Level of Agreement","Strongly disagree","Somewhat disagree","Neither agree nor disagree","Somewhat agree","Strongly agree",4,4
71,"Spring 2022","prepost14_2","The public will be more accepting of science after I engage in science communication.","Level of Agreement","Strongly disagree","Somewhat disagree","Neither agree nor disagree","Somewhat agree","Strongly agree",4,4
89,"Spring 2023","prepost14_2","The public will be more accepting of science after I engage in science communication.","Level of Agreement","Strongly disagree","Somewhat disagree","Neither agree nor disagree","Somewhat agree","Strongly agree",4,5
75,"Spring 2023","prepost14_2","The public will be more accepting of science after I engage in science communication.","Level of Agreement","Strongly disagree","Somewhat disagree","Neither agree nor disagree","Somewhat agree","Strongly agree",4,4
60,"Spring 2022","prepost14_2","The public will be more accepting of science after I engage in science communication.","Level of Agreement","Strongly disagree","Somewhat disagree","Neither agree nor disagree","Somewhat agree","Strongly agree",3,3
41,"Fall 2022","prepost14_2","The public will be more accepting of science after I engage in science communication.","Level of Agreement","Strongly disagree","Somewhat disagree","Neither agree nor disagree","Somewhat agree","Strongly agree",4,5
55,"Spring 2022","prepost14_2","The public will be more accepting of science after I engage in science communication.","Level of Agreement","Strongly disagree","Somewhat disagree","Neither agree nor disagree","Somewhat agree","Strongly agree",2,3
14,"Fall 2022","prepost14_2","The public will be more accepting of science after I engage in science communication.","Level of Agreement","Strongly disagree","Somewhat disagree","Neither agree nor disagree","Somewhat agree","Strongly agree",2,4
66,"Spring 2022","prepost14_2","The public will be more accepting of science after I engage in science communication.","Level of Agreement","Strongly disagree","Somewhat disagree","Neither agree nor disagree","Somewhat agree","Strongly agree",4,4
40,"Spring 2022","prepost14_2","The public will be more accepting of science after I engage in science communication.","Level of Agreement","Strongly disagree","Somewhat disagree","Neither agree nor disagree","Somewhat agree","Strongly agree",5,4
15,"Fall 2022","prepost14_2","The public will be more accepting of science after I engage in science communication.","Level of Agreement","Strongly disagree","Somewhat disagree","Neither agree nor disagree","Somewhat agree","Strongly agree",3,3
53,"Spring 2022","prepost14_2","The public will be more accepting of science after I engage in science communication.","Level of Agreement","Strongly disagree","Somewhat disagree","Neither agree nor disagree","Somewhat agree","Strongly agree",4,3
30,"Fall 2022","prepost14_2","The public will be more accepting of science after I engage in science communication.","Level of Agreement","Strongly disagree","Somewhat disagree","Neither agree nor disagree","Somewhat agree","Strongly agree",3,4
20,"Fall 2022","prepost14_2","The public will be more accepting of science after I engage in science communication.","Level of Agreement","Strongly disagree","Somewhat disagree","Neither agree nor disagree","Somewhat agree","Strongly agree",2,3
36,"All","prepost14_2","The public will be more accepting of science after I engage in science communication.","Level of Agreement","Strongly disagree","Somewhat disagree","Neither agree nor disagree","Somewhat agree","Strongly agree",4,5
36,"All","prepost14_2","The public will be more accepting of science after I engage in science communication.","Level of Agreement","Strongly disagree","Somewhat disagree","Neither agree nor disagree","Somewhat agree","Strongly agree",4,5
36,"All","prepost14_2","The public will be more accepting of science after I engage in science communication.","Level of Agreement","Strongly disagree","Somewhat disagree","Neither agree nor disagree","Somewhat agree","Strongly agree",4,5
24,"Spring 2022","prepost14_2","The public will be more accepting of science after I engage in science communication.","Level of Agreement","Strongly disagree","Somewhat disagree","Neither agree nor disagree","Somewhat agree","Strongly agree",4,3
106,"Fall 2022","prepost14_2","The public will be more accepting of science after I engage in science communication.","Level of Agreement","Strongly disagree","Somewhat disagree","Neither agree nor disagree","Somewhat agree","Strongly agree",4,4
51,"Spring 2023","prepost14_2","The public will be more accepting of science after I engage in science communication.","Level of Agreement","Strongly disagree","Somewhat disagree","Neither agree nor disagree","Somewhat agree","Strongly agree",4,5
44,"Spring 2022","prepost14_2","The public will be more accepting of science after I engage in science communication.","Level of Agreement","Strongly disagree","Somewhat disagree","Neither agree nor disagree","Somewhat agree","Strongly agree",4,4
65,"Spring 2022","prepost14_2","The public will be more accepting of science after I engage in science communication.","Level of Agreement","Strongly disagree","Somewhat disagree","Neither agree nor disagree","Somewhat agree","Strongly agree",5,4
25,"Fall 2022","prepost14_2","The public will be more accepting of science after I engage in science communication.","Level of Agreement","Strongly disagree","Somewhat disagree","Neither agree nor disagree","Somewhat agree","Strongly agree",5,5
43,"Spring 2022","prepost14_2","The public will be more accepting of science after I engage in science communication.","Level of Agreement","Strongly disagree","Somewhat disagree","Neither agree nor disagree","Somewhat agree","Strongly agree",3,4
67,"Fall 2022","prepost14_2","The public will be more accepting of science after I engage in science communication.","Level of Agreement","Strongly disagree","Somewhat disagree","Neither agree nor disagree","Somewhat agree","Strongly agree",4,5
81,"Fall 2022","prepost14_2","The public will be more accepting of science after I engage in science communication.","Level of Agreement","Strongly disagree","Somewhat disagree","Neither agree nor disagree","Somewhat agree","Strongly agree",4,4
45,"Spring 2022","prepost14_2","The public will be more accepting of science after I engage in science communication.","Level of Agreement","Strongly disagree","Somewhat disagree","Neither agree nor disagree","Somewhat agree","Strongly agree",3,4
82,"Fall 2022","prepost14_2","The public will be more accepting of science after I engage in science communication.","Level of Agreement","Strongly disagree","Somewhat disagree","Neither agree nor disagree","Somewhat agree","Strongly agree",4,3
21,"Fall 2022","prepost14_2","The public will be more accepting of science after I engage in science communication.","Level of Agreement","Strongly disagree","Somewhat disagree","Neither agree nor disagree","Somewhat agree","Strongly agree",4,4
57,"Spring 2022","prepost14_2","The public will be more accepting of science after I engage in science communication.","Level of Agreement","Strongly disagree","Somewhat disagree","Neither agree nor disagree","Somewhat agree","Strongly agree",3,4
48,"Spring 2022","prepost14_2","The public will be more accepting of science after I engage in science communication.","Level of Agreement","Strongly disagree","Somewhat disagree","Neither agree nor disagree","Somewhat agree","Strongly agree",3,3
34,"Spring 2023","prepost14_2","The public will be more accepting of science after I engage in science communication.","Level of Agreement","Strongly disagree","Somewhat disagree","Neither agree nor disagree","Somewhat agree","Strongly agree",5,5
83,"Spring 2022","prepost14_2","The public will be more accepting of science after I engage in science communication.","Level of Agreement","Strongly disagree","Somewhat disagree","Neither agree nor disagree","Somewhat agree","Strongly agree",4,4
54,"Spring 2022","prepost14_2","The public will be more accepting of science after I engage in science communication.","Level of Agreement","Strongly disagree","Somewhat disagree","Neither agree nor disagree","Somewhat agree","Strongly agree",4,3
36,"All","prepost14_2","The public will be more accepting of science after I engage in science communication.","Level of Agreement","Strongly disagree","Somewhat disagree","Neither agree nor disagree","Somewhat agree","Strongly agree",4,5
36,"All","prepost14_2","The public will be more accepting of science after I engage in science communication.","Level of Agreement","Strongly disagree","Somewhat disagree","Neither agree nor disagree","Somewhat agree","Strongly agree",4,5
36,"All","prepost14_2","The public will be more accepting of science after I engage in science communication.","Level of Agreement","Strongly disagree","Somewhat disagree","Neither agree nor disagree","Somewhat agree","Strongly agree",4,5
88,"Spring 2023","prepost14_2","The public will be more accepting of science after I engage in science communication.","Level of Agreement","Strongly disagree","Somewhat disagree","Neither agree nor disagree","Somewhat agree","Strongly agree",4,5
84,"Spring 2023","prepost14_2","The public will be more accepting of science after I engage in science communication.","Level of Agreement","Strongly disagree","Somewhat disagree","Neither agree nor disagree","Somewhat agree","Strongly agree",3,3
47,"Spring 2022","prepost14_2","The public will be more accepting of science after I engage in science communication.","Level of Agreement","Strongly disagree","Somewhat disagree","Neither agree nor disagree","Somewhat agree","Strongly agree",3,4
72,"Spring 2023","prepost14_2","The public will be more accepting of science after I engage in science communication.","Level of Agreement","Strongly disagree","Somewhat disagree","Neither agree nor disagree","Somewhat agree","Strongly agree",4,4
31,"Spring 2022","prepost14_2","The public will be more accepting of science after I engage in science communication.","Level of Agreement","Strongly disagree","Somewhat disagree","Neither agree nor disagree","Somewhat agree","Strongly agree",3,4
96,"Spring 2022","prepost14_2","The public will be more accepting of science after I engage in science communication.","Level of Agreement","Strongly disagree","Somewhat disagree","Neither agree nor disagree","Somewhat agree","Strongly agree",4,4
28,"Spring 2023","prepost14_2","The public will be more accepting of science after I engage in science communication.","Level of Agreement","Strongly disagree","Somewhat disagree","Neither agree nor disagree","Somewhat agree","Strongly agree",4,4
4,"Spring 2023","prepost14_2","The public will be more accepting of science after I engage in science communication.","Level of Agreement","Strongly disagree","Somewhat disagree","Neither agree nor disagree","Somewhat agree","Strongly agree",3,3
26,"Spring 2022","prepost14_2","The public will be more accepting of science after I engage in science communication.","Level of Agreement","Strongly disagree","Somewhat disagree","Neither agree nor disagree","Somewhat agree","Strongly agree",3,3
83,"Spring 2022","prepost14_3","I will not be successful in learning new concepts related to science communication.","Level of Agreement","Strongly disagree","Somewhat disagree","Neither agree nor disagree","Somewhat agree","Strongly agree",2,2
108,"Spring 2023","prepost14_3","I will not be successful in learning new concepts related to science communication.","Level of Agreement","Strongly disagree","Somewhat disagree","Neither agree nor disagree","Somewhat agree","Strongly agree",3,1
36,"All","prepost14_3","I will not be successful in learning new concepts related to science communication.","Level of Agreement","Strongly disagree","Somewhat disagree","Neither agree nor disagree","Somewhat agree","Strongly agree",1,5
36,"All","prepost14_3","I will not be successful in learning new concepts related to science communication.","Level of Agreement","Strongly disagree","Somewhat disagree","Neither agree nor disagree","Somewhat agree","Strongly agree",2,1
36,"All","prepost14_3","I will not be successful in learning new concepts related to science communication.","Level of Agreement","Strongly disagree","Somewhat disagree","Neither agree nor disagree","Somewhat agree","Strongly agree",1,1
36,"All","prepost14_3","I will not be successful in learning new concepts related to science communication.","Level of Agreement","Strongly disagree","Somewhat disagree","Neither agree nor disagree","Somewhat agree","Strongly agree",1,5
26,"Spring 2022","prepost14_3","I will not be successful in learning new concepts related to science communication.","Level of Agreement","Strongly disagree","Somewhat disagree","Neither agree nor disagree","Somewhat agree","Strongly agree",2,2
35,"Spring 2023","prepost14_3","I will not be successful in learning new concepts related to science communication.","Level of Agreement","Strongly disagree","Somewhat disagree","Neither agree nor disagree","Somewhat agree","Strongly agree",2,1
36,"All","prepost14_3","I will not be successful in learning new concepts related to science communication.","Level of Agreement","Strongly disagree","Somewhat disagree","Neither agree nor disagree","Somewhat agree","Strongly agree",2,5
36,"All","prepost14_3","I will not be successful in learning new concepts related to science communication.","Level of Agreement","Strongly disagree","Somewhat disagree","Neither agree nor disagree","Somewhat agree","Strongly agree",1,1
46,"Spring 2023","prepost14_3","I will not be successful in learning new concepts related to science communication.","Level of Agreement","Strongly disagree","Somewhat disagree","Neither agree nor disagree","Somewhat agree","Strongly agree",2,1
87,"Spring 2022","prepost14_3","I will not be successful in learning new concepts related to science communication.","Level of Agreement","Strongly disagree","Somewhat disagree","Neither agree nor disagree","Somewhat agree","Strongly agree",2,2
54,"Spring 2022","prepost14_3","I will not be successful in learning new concepts related to science communication.","Level of Agreement","Strongly disagree","Somewhat disagree","Neither agree nor disagree","Somewhat agree","Strongly agree",2,2
36,"All","prepost14_3","I will not be successful in learning new concepts related to science communication.","Level of Agreement","Strongly disagree","Somewhat disagree","Neither agree nor disagree","Somewhat agree","Strongly agree",2,1
37,"Spring 2023","prepost14_3","I will not be successful in learning new concepts related to science communication.","Level of Agreement","Strongly disagree","Somewhat disagree","Neither agree nor disagree","Somewhat agree","Strongly agree",2,2
36,"All","prepost14_3","I will not be successful in learning new concepts related to science communication.","Level of Agreement","Strongly disagree","Somewhat disagree","Neither agree nor disagree","Somewhat agree","Strongly agree",1,1
32,"Spring 2022","prepost14_3","I will not be successful in learning new concepts related to science communication.","Level of Agreement","Strongly disagree","Somewhat disagree","Neither agree nor disagree","Somewhat agree","Strongly agree",2,2
73,"Spring 2022","prepost14_3","I will not be successful in learning new concepts related to science communication.","Level of Agreement","Strongly disagree","Somewhat disagree","Neither agree nor disagree","Somewhat agree","Strongly agree",2,1
52,"Spring 2023","prepost14_3","I will not be successful in learning new concepts related to science communication.","Level of Agreement","Strongly disagree","Somewhat disagree","Neither agree nor disagree","Somewhat agree","Strongly agree",1,1
45,"Spring 2022","prepost14_3","I will not be successful in learning new concepts related to science communication.","Level of Agreement","Strongly disagree","Somewhat disagree","Neither agree nor disagree","Somewhat agree","Strongly agree",2,2
85,"Spring 2022","prepost14_3","I will not be successful in learning new concepts related to science communication.","Level of Agreement","Strongly disagree","Somewhat disagree","Neither agree nor disagree","Somewhat agree","Strongly agree",1,3
23,"Spring 2023","prepost14_3","I will not be successful in learning new concepts related to science communication.","Level of Agreement","Strongly disagree","Somewhat disagree","Neither agree nor disagree","Somewhat agree","Strongly agree",1,1
65,"Spring 2022","prepost14_3","I will not be successful in learning new concepts related to science communication.","Level of Agreement","Strongly disagree","Somewhat disagree","Neither agree nor disagree","Somewhat agree","Strongly agree",5,4
34,"Spring 2023","prepost14_3","I will not be successful in learning new concepts related to science communication.","Level of Agreement","Strongly disagree","Somewhat disagree","Neither agree nor disagree","Somewhat agree","Strongly agree",1,1
49,"Spring 2022","prepost14_3","I will not be successful in learning new concepts related to science communication.","Level of Agreement","Strongly disagree","Somewhat disagree","Neither agree nor disagree","Somewhat agree","Strongly agree",2,2
82,"Fall 2022","prepost14_3","I will not be successful in learning new concepts related to science communication.","Level of Agreement","Strongly disagree","Somewhat disagree","Neither agree nor disagree","Somewhat agree","Strongly agree",2,3
74,"Spring 2022","prepost14_3","I will not be successful in learning new concepts related to science communication.","Level of Agreement","Strongly disagree","Somewhat disagree","Neither agree nor disagree","Somewhat agree","Strongly agree",1,1
84,"Spring 2023","prepost14_3","I will not be successful in learning new concepts related to science communication.","Level of Agreement","Strongly disagree","Somewhat disagree","Neither agree nor disagree","Somewhat agree","Strongly agree",2,2
4,"Spring 2023","prepost14_3","I will not be successful in learning new concepts related to science communication.","Level of Agreement","Strongly disagree","Somewhat disagree","Neither agree nor disagree","Somewhat agree","Strongly agree",2,2
88,"Spring 2023","prepost14_3","I will not be successful in learning new concepts related to science communication.","Level of Agreement","Strongly disagree","Somewhat disagree","Neither agree nor disagree","Somewhat agree","Strongly agree",1,1
63,"Spring 2023","prepost14_3","I will not be successful in learning new concepts related to science communication.","Level of Agreement","Strongly disagree","Somewhat disagree","Neither agree nor disagree","Somewhat agree","Strongly agree",2,2
90,"Spring 2022","prepost14_3","I will not be successful in learning new concepts related to science communication.","Level of Agreement","Strongly disagree","Somewhat disagree","Neither agree nor disagree","Somewhat agree","Strongly agree",1,1
68,"Spring 2022","prepost14_3","I will not be successful in learning new concepts related to science communication.","Level of Agreement","Strongly disagree","Somewhat disagree","Neither agree nor disagree","Somewhat agree","Strongly agree",2,5
61,"Spring 2022","prepost14_3","I will not be successful in learning new concepts related to science communication.","Level of Agreement","Strongly disagree","Somewhat disagree","Neither agree nor disagree","Somewhat agree","Strongly agree",1,1
58,"Spring 2022","prepost14_3","I will not be successful in learning new concepts related to science communication.","Level of Agreement","Strongly disagree","Somewhat disagree","Neither agree nor disagree","Somewhat agree","Strongly agree",2,2
47,"Spring 2022","prepost14_3","I will not be successful in learning new concepts related to science communication.","Level of Agreement","Strongly disagree","Somewhat disagree","Neither agree nor disagree","Somewhat agree","Strongly agree",2,2
43,"Spring 2022","prepost14_3","I will not be successful in learning new concepts related to science communication.","Level of Agreement","Strongly disagree","Somewhat disagree","Neither agree nor disagree","Somewhat agree","Strongly agree",2,1
89,"Spring 2023","prepost14_3","I will not be successful in learning new concepts related to science communication.","Level of Agreement","Strongly disagree","Somewhat disagree","Neither agree nor disagree","Somewhat agree","Strongly agree",1,5
1,"Spring 2022","prepost14_3","I will not be successful in learning new concepts related to science communication.","Level of Agreement","Strongly disagree","Somewhat disagree","Neither agree nor disagree","Somewhat agree","Strongly agree",1,1
78,"Spring 2023","prepost14_3","I will not be successful in learning new concepts related to science communication.","Level of Agreement","Strongly disagree","Somewhat disagree","Neither agree nor disagree","Somewhat agree","Strongly agree",1,1
51,"Spring 2023","prepost14_3","I will not be successful in learning new concepts related to science communication.","Level of Agreement","Strongly disagree","Somewhat disagree","Neither agree nor disagree","Somewhat agree","Strongly agree",2,2
64,"Spring 2023","prepost14_3","I will not be successful in learning new concepts related to science communication.","Level of Agreement","Strongly disagree","Somewhat disagree","Neither agree nor disagree","Somewhat agree","Strongly agree",2,1
40,"Spring 2022","prepost14_3","I will not be successful in learning new concepts related to science communication.","Level of Agreement","Strongly disagree","Somewhat disagree","Neither agree nor disagree","Somewhat agree","Strongly agree",1,2
106,"Fall 2022","prepost14_3","I will not be successful in learning new concepts related to science communication.","Level of Agreement","Strongly disagree","Somewhat disagree","Neither agree nor disagree","Somewhat agree","Strongly agree",1,2
15,"Fall 2022","prepost14_3","I will not be successful in learning new concepts related to science communication.","Level of Agreement","Strongly disagree","Somewhat disagree","Neither agree nor disagree","Somewhat agree","Strongly agree",1,1
21,"Fall 2022","prepost14_3","I will not be successful in learning new concepts related to science communication.","Level of Agreement","Strongly disagree","Somewhat disagree","Neither agree nor disagree","Somewhat agree","Strongly agree",2,2
55,"Spring 2022","prepost14_3","I will not be successful in learning new concepts related to science communication.","Level of Agreement","Strongly disagree","Somewhat disagree","Neither agree nor disagree","Somewhat agree","Strongly agree",1,2
14,"Fall 2022","prepost14_3","I will not be successful in learning new concepts related to science communication.","Level of Agreement","Strongly disagree","Somewhat disagree","Neither agree nor disagree","Somewhat agree","Strongly agree",2,2
25,"Fall 2022","prepost14_3","I will not be successful in learning new concepts related to science communication.","Level of Agreement","Strongly disagree","Somewhat disagree","Neither agree nor disagree","Somewhat agree","Strongly agree",4,1
66,"Spring 2022","prepost14_3","I will not be successful in learning new concepts related to science communication.","Level of Agreement","Strongly disagree","Somewhat disagree","Neither agree nor disagree","Somewhat agree","Strongly agree",1,1
57,"Spring 2022","prepost14_3","I will not be successful in learning new concepts related to science communication.","Level of Agreement","Strongly disagree","Somewhat disagree","Neither agree nor disagree","Somewhat agree","Strongly agree",1,2
30,"Fall 2022","prepost14_3","I will not be successful in learning new concepts related to science communication.","Level of Agreement","Strongly disagree","Somewhat disagree","Neither agree nor disagree","Somewhat agree","Strongly agree",1,2
2,"Spring 2023","prepost14_3","I will not be successful in learning new concepts related to science communication.","Level of Agreement","Strongly disagree","Somewhat disagree","Neither agree nor disagree","Somewhat agree","Strongly agree",2,3
60,"Spring 2022","prepost14_3","I will not be successful in learning new concepts related to science communication.","Level of Agreement","Strongly disagree","Somewhat disagree","Neither agree nor disagree","Somewhat agree","Strongly agree",2,3
103,"Spring 2022","prepost14_3","I will not be successful in learning new concepts related to science communication.","Level of Agreement","Strongly disagree","Somewhat disagree","Neither agree nor disagree","Somewhat agree","Strongly agree",2,4
53,"Spring 2022","prepost14_3","I will not be successful in learning new concepts related to science communication.","Level of Agreement","Strongly disagree","Somewhat disagree","Neither agree nor disagree","Somewhat agree","Strongly agree",2,3
33,"Spring 2023","prepost14_3","I will not be successful in learning new concepts related to science communication.","Level of Agreement","Strongly disagree","Somewhat disagree","Neither agree nor disagree","Somewhat agree","Strongly agree",2,2
31,"Spring 2022","prepost14_3","I will not be successful in learning new concepts related to science communication.","Level of Agreement","Strongly disagree","Somewhat disagree","Neither agree nor disagree","Somewhat agree","Strongly agree",1,1
11,"Spring 2023","prepost14_3","I will not be successful in learning new concepts related to science communication.","Level of Agreement","Strongly disagree","Somewhat disagree","Neither agree nor disagree","Somewhat agree","Strongly agree",1,2
41,"Fall 2022","prepost14_3","I will not be successful in learning new concepts related to science communication.","Level of Agreement","Strongly disagree","Somewhat disagree","Neither agree nor disagree","Somewhat agree","Strongly agree",2,5
67,"Fall 2022","prepost14_3","I will not be successful in learning new concepts related to science communication.","Level of Agreement","Strongly disagree","Somewhat disagree","Neither agree nor disagree","Somewhat agree","Strongly agree",1,1
20,"Fall 2022","prepost14_3","I will not be successful in learning new concepts related to science communication.","Level of Agreement","Strongly disagree","Somewhat disagree","Neither agree nor disagree","Somewhat agree","Strongly agree",1,2
48,"Spring 2022","prepost14_3","I will not be successful in learning new concepts related to science communication.","Level of Agreement","Strongly disagree","Somewhat disagree","Neither agree nor disagree","Somewhat agree","Strongly agree",2,2
96,"Spring 2022","prepost14_3","I will not be successful in learning new concepts related to science communication.","Level of Agreement","Strongly disagree","Somewhat disagree","Neither agree nor disagree","Somewhat agree","Strongly agree",2,4
75,"Spring 2023","prepost14_3","I will not be successful in learning new concepts related to science communication.","Level of Agreement","Strongly disagree","Somewhat disagree","Neither agree nor disagree","Somewhat agree","Strongly agree",2,2
28,"Spring 2023","prepost14_3","I will not be successful in learning new concepts related to science communication.","Level of Agreement","Strongly disagree","Somewhat disagree","Neither agree nor disagree","Somewhat agree","Strongly agree",2,1
86,"Spring 2023","prepost14_3","I will not be successful in learning new concepts related to science communication.","Level of Agreement","Strongly disagree","Somewhat disagree","Neither agree nor disagree","Somewhat agree","Strongly agree",2,2
72,"Spring 2023","prepost14_3","I will not be successful in learning new concepts related to science communication.","Level of Agreement","Strongly disagree","Somewhat disagree","Neither agree nor disagree","Somewhat agree","Strongly agree",2,2
6,"Spring 2023","prepost14_3","I will not be successful in learning new concepts related to science communication.","Level of Agreement","Strongly disagree","Somewhat disagree","Neither agree nor disagree","Somewhat agree","Strongly agree",1,1
38,"Spring 2022","prepost14_3","I will not be successful in learning new concepts related to science communication.","Level of Agreement","Strongly disagree","Somewhat disagree","Neither agree nor disagree","Somewhat agree","Strongly agree",1,2
71,"Spring 2022","prepost14_3","I will not be successful in learning new concepts related to science communication.","Level of Agreement","Strongly disagree","Somewhat disagree","Neither agree nor disagree","Somewhat agree","Strongly agree",1,2
5,"Spring 2022","prepost14_3","I will not be successful in learning new concepts related to science communication.","Level of Agreement","Strongly disagree","Somewhat disagree","Neither agree nor disagree","Somewhat agree","Strongly agree",2,2
81,"Fall 2022","prepost14_3","I will not be successful in learning new concepts related to science communication.","Level of Agreement","Strongly disagree","Somewhat disagree","Neither agree nor disagree","Somewhat agree","Strongly agree",2,2
44,"Spring 2022","prepost14_3","I will not be successful in learning new concepts related to science communication.","Level of Agreement","Strongly disagree","Somewhat disagree","Neither agree nor disagree","Somewhat agree","Strongly agree",1,4
24,"Spring 2022","prepost14_3","I will not be successful in learning new concepts related to science communication.","Level of Agreement","Strongly disagree","Somewhat disagree","Neither agree nor disagree","Somewhat agree","Strongly agree",1,1
36,"All","prepost14_3","I will not be successful in learning new concepts related to science communication.","Level of Agreement","Strongly disagree","Somewhat disagree","Neither agree nor disagree","Somewhat agree","Strongly agree",1,1
24,"Spring 2022","prepost14_4","Engaging in science communication will improve my job performace.","Level of Agreement","Strongly disagree","Somewhat disagree","Neither agree nor disagree","Somewhat agree","Strongly agree",3,3
106,"Fall 2022","prepost14_4","Engaging in science communication will improve my job performace.","Level of Agreement","Strongly disagree","Somewhat disagree","Neither agree nor disagree","Somewhat agree","Strongly agree",4,5
6,"Spring 2023","prepost14_4","Engaging in science communication will improve my job performace.","Level of Agreement","Strongly disagree","Somewhat disagree","Neither agree nor disagree","Somewhat agree","Strongly agree",4,5
64,"Spring 2023","prepost14_4","Engaging in science communication will improve my job performace.","Level of Agreement","Strongly disagree","Somewhat disagree","Neither agree nor disagree","Somewhat agree","Strongly agree",4,4
38,"Spring 2022","prepost14_4","Engaging in science communication will improve my job performace.","Level of Agreement","Strongly disagree","Somewhat disagree","Neither agree nor disagree","Somewhat agree","Strongly agree",5,5
65,"Spring 2022","prepost14_4","Engaging in science communication will improve my job performace.","Level of Agreement","Strongly disagree","Somewhat disagree","Neither agree nor disagree","Somewhat agree","Strongly agree",5,4
51,"Spring 2023","prepost14_4","Engaging in science communication will improve my job performace.","Level of Agreement","Strongly disagree","Somewhat disagree","Neither agree nor disagree","Somewhat agree","Strongly agree",5,5
74,"Spring 2022","prepost14_4","Engaging in science communication will improve my job performace.","Level of Agreement","Strongly disagree","Somewhat disagree","Neither agree nor disagree","Somewhat agree","Strongly agree",3,5
44,"Spring 2022","prepost14_4","Engaging in science communication will improve my job performace.","Level of Agreement","Strongly disagree","Somewhat disagree","Neither agree nor disagree","Somewhat agree","Strongly agree",4,4
30,"Fall 2022","prepost14_4","Engaging in science communication will improve my job performace.","Level of Agreement","Strongly disagree","Somewhat disagree","Neither agree nor disagree","Somewhat agree","Strongly agree",5,4
25,"Fall 2022","prepost14_4","Engaging in science communication will improve my job performace.","Level of Agreement","Strongly disagree","Somewhat disagree","Neither agree nor disagree","Somewhat agree","Strongly agree",5,5
86,"Spring 2023","prepost14_4","Engaging in science communication will improve my job performace.","Level of Agreement","Strongly disagree","Somewhat disagree","Neither agree nor disagree","Somewhat agree","Strongly agree",4,4
108,"Spring 2023","prepost14_4","Engaging in science communication will improve my job performace.","Level of Agreement","Strongly disagree","Somewhat disagree","Neither agree nor disagree","Somewhat agree","Strongly agree",4,4
81,"Fall 2022","prepost14_4","Engaging in science communication will improve my job performace.","Level of Agreement","Strongly disagree","Somewhat disagree","Neither agree nor disagree","Somewhat agree","Strongly agree",4,2
49,"Spring 2022","prepost14_4","Engaging in science communication will improve my job performace.","Level of Agreement","Strongly disagree","Somewhat disagree","Neither agree nor disagree","Somewhat agree","Strongly agree",4,4
36,"All","prepost14_4","Engaging in science communication will improve my job performace.","Level of Agreement","Strongly disagree","Somewhat disagree","Neither agree nor disagree","Somewhat agree","Strongly agree",4,5
4,"Spring 2023","prepost14_4","Engaging in science communication will improve my job performace.","Level of Agreement","Strongly disagree","Somewhat disagree","Neither agree nor disagree","Somewhat agree","Strongly agree",5,5
43,"Spring 2022","prepost14_4","Engaging in science communication will improve my job performace.","Level of Agreement","Strongly disagree","Somewhat disagree","Neither agree nor disagree","Somewhat agree","Strongly agree",5,4
34,"Spring 2023","prepost14_4","Engaging in science communication will improve my job performace.","Level of Agreement","Strongly disagree","Somewhat disagree","Neither agree nor disagree","Somewhat agree","Strongly agree",5,5
36,"All","prepost14_4","Engaging in science communication will improve my job performace.","Level of Agreement","Strongly disagree","Somewhat disagree","Neither agree nor disagree","Somewhat agree","Strongly agree",4,5
67,"Fall 2022","prepost14_4","Engaging in science communication will improve my job performace.","Level of Agreement","Strongly disagree","Somewhat disagree","Neither agree nor disagree","Somewhat agree","Strongly agree",5,5
36,"All","prepost14_4","Engaging in science communication will improve my job performace.","Level of Agreement","Strongly disagree","Somewhat disagree","Neither agree nor disagree","Somewhat agree","Strongly agree",4,5
36,"All","prepost14_4","Engaging in science communication will improve my job performace.","Level of Agreement","Strongly disagree","Somewhat disagree","Neither agree nor disagree","Somewhat agree","Strongly agree",4,5
36,"All","prepost14_4","Engaging in science communication will improve my job performace.","Level of Agreement","Strongly disagree","Somewhat disagree","Neither agree nor disagree","Somewhat agree","Strongly agree",4,5
36,"All","prepost14_4","Engaging in science communication will improve my job performace.","Level of Agreement","Strongly disagree","Somewhat disagree","Neither agree nor disagree","Somewhat agree","Strongly agree",4,5
82,"Fall 2022","prepost14_4","Engaging in science communication will improve my job performace.","Level of Agreement","Strongly disagree","Somewhat disagree","Neither agree nor disagree","Somewhat agree","Strongly agree",4,3
96,"Spring 2022","prepost14_4","Engaging in science communication will improve my job performace.","Level of Agreement","Strongly disagree","Somewhat disagree","Neither agree nor disagree","Somewhat agree","Strongly agree",3,4
33,"Spring 2023","prepost14_4","Engaging in science communication will improve my job performace.","Level of Agreement","Strongly disagree","Somewhat disagree","Neither agree nor disagree","Somewhat agree","Strongly agree",4,4
45,"Spring 2022","prepost14_4","Engaging in science communication will improve my job performace.","Level of Agreement","Strongly disagree","Somewhat disagree","Neither agree nor disagree","Somewhat agree","Strongly agree",4,5
87,"Spring 2022","prepost14_4","Engaging in science communication will improve my job performace.","Level of Agreement","Strongly disagree","Somewhat disagree","Neither agree nor disagree","Somewhat agree","Strongly agree",5,4
32,"Spring 2022","prepost14_4","Engaging in science communication will improve my job performace.","Level of Agreement","Strongly disagree","Somewhat disagree","Neither agree nor disagree","Somewhat agree","Strongly agree",4,3
58,"Spring 2022","prepost14_4","Engaging in science communication will improve my job performace.","Level of Agreement","Strongly disagree","Somewhat disagree","Neither agree nor disagree","Somewhat agree","Strongly agree",4,4
57,"Spring 2022","prepost14_4","Engaging in science communication will improve my job performace.","Level of Agreement","Strongly disagree","Somewhat disagree","Neither agree nor disagree","Somewhat agree","Strongly agree",5,5
21,"Fall 2022","prepost14_4","Engaging in science communication will improve my job performace.","Level of Agreement","Strongly disagree","Somewhat disagree","Neither agree nor disagree","Somewhat agree","Strongly agree",4,4
88,"Spring 2023","prepost14_4","Engaging in science communication will improve my job performace.","Level of Agreement","Strongly disagree","Somewhat disagree","Neither agree nor disagree","Somewhat agree","Strongly agree",5,5
90,"Spring 2022","prepost14_4","Engaging in science communication will improve my job performace.","Level of Agreement","Strongly disagree","Somewhat disagree","Neither agree nor disagree","Somewhat agree","Strongly agree",5,5
28,"Spring 2023","prepost14_4","Engaging in science communication will improve my job performace.","Level of Agreement","Strongly disagree","Somewhat disagree","Neither agree nor disagree","Somewhat agree","Strongly agree",5,4
48,"Spring 2022","prepost14_4","Engaging in science communication will improve my job performace.","Level of Agreement","Strongly disagree","Somewhat disagree","Neither agree nor disagree","Somewhat agree","Strongly agree",3,3
11,"Spring 2023","prepost14_4","Engaging in science communication will improve my job performace.","Level of Agreement","Strongly disagree","Somewhat disagree","Neither agree nor disagree","Somewhat agree","Strongly agree",5,4
85,"Spring 2022","prepost14_4","Engaging in science communication will improve my job performace.","Level of Agreement","Strongly disagree","Somewhat disagree","Neither agree nor disagree","Somewhat agree","Strongly agree",5,3
103,"Spring 2022","prepost14_4","Engaging in science communication will improve my job performace.","Level of Agreement","Strongly disagree","Somewhat disagree","Neither agree nor disagree","Somewhat agree","Strongly agree",3,4
83,"Spring 2022","prepost14_4","Engaging in science communication will improve my job performace.","Level of Agreement","Strongly disagree","Somewhat disagree","Neither agree nor disagree","Somewhat agree","Strongly agree",5,4
36,"All","prepost14_4","Engaging in science communication will improve my job performace.","Level of Agreement","Strongly disagree","Somewhat disagree","Neither agree nor disagree","Somewhat agree","Strongly agree",5,5
36,"All","prepost14_4","Engaging in science communication will improve my job performace.","Level of Agreement","Strongly disagree","Somewhat disagree","Neither agree nor disagree","Somewhat agree","Strongly agree",5,5
36,"All","prepost14_4","Engaging in science communication will improve my job performace.","Level of Agreement","Strongly disagree","Somewhat disagree","Neither agree nor disagree","Somewhat agree","Strongly agree",5,5
35,"Spring 2023","prepost14_4","Engaging in science communication will improve my job performace.","Level of Agreement","Strongly disagree","Somewhat disagree","Neither agree nor disagree","Somewhat agree","Strongly agree",4,4
46,"Spring 2023","prepost14_4","Engaging in science communication will improve my job performace.","Level of Agreement","Strongly disagree","Somewhat disagree","Neither agree nor disagree","Somewhat agree","Strongly agree",5,5
54,"Spring 2022","prepost14_4","Engaging in science communication will improve my job performace.","Level of Agreement","Strongly disagree","Somewhat disagree","Neither agree nor disagree","Somewhat agree","Strongly agree",4,4
73,"Spring 2022","prepost14_4","Engaging in science communication will improve my job performace.","Level of Agreement","Strongly disagree","Somewhat disagree","Neither agree nor disagree","Somewhat agree","Strongly agree",5,5
2,"Spring 2023","prepost14_4","Engaging in science communication will improve my job performace.","Level of Agreement","Strongly disagree","Somewhat disagree","Neither agree nor disagree","Somewhat agree","Strongly agree",4,4
37,"Spring 2023","prepost14_4","Engaging in science communication will improve my job performace.","Level of Agreement","Strongly disagree","Somewhat disagree","Neither agree nor disagree","Somewhat agree","Strongly agree",5,5
23,"Spring 2023","prepost14_4","Engaging in science communication will improve my job performace.","Level of Agreement","Strongly disagree","Somewhat disagree","Neither agree nor disagree","Somewhat agree","Strongly agree",5,5
61,"Spring 2022","prepost14_4","Engaging in science communication will improve my job performace.","Level of Agreement","Strongly disagree","Somewhat disagree","Neither agree nor disagree","Somewhat agree","Strongly agree",5,5
26,"Spring 2022","prepost14_4","Engaging in science communication will improve my job performace.","Level of Agreement","Strongly disagree","Somewhat disagree","Neither agree nor disagree","Somewhat agree","Strongly agree",4,4
84,"Spring 2023","prepost14_4","Engaging in science communication will improve my job performace.","Level of Agreement","Strongly disagree","Somewhat disagree","Neither agree nor disagree","Somewhat agree","Strongly agree",5,5
89,"Spring 2023","prepost14_4","Engaging in science communication will improve my job performace.","Level of Agreement","Strongly disagree","Somewhat disagree","Neither agree nor disagree","Somewhat agree","Strongly agree",5,5
68,"Spring 2022","prepost14_4","Engaging in science communication will improve my job performace.","Level of Agreement","Strongly disagree","Somewhat disagree","Neither agree nor disagree","Somewhat agree","Strongly agree",4,5
47,"Spring 2022","prepost14_4","Engaging in science communication will improve my job performace.","Level of Agreement","Strongly disagree","Somewhat disagree","Neither agree nor disagree","Somewhat agree","Strongly agree",4,4
55,"Spring 2022","prepost14_4","Engaging in science communication will improve my job performace.","Level of Agreement","Strongly disagree","Somewhat disagree","Neither agree nor disagree","Somewhat agree","Strongly agree",4,4
40,"Spring 2022","prepost14_4","Engaging in science communication will improve my job performace.","Level of Agreement","Strongly disagree","Somewhat disagree","Neither agree nor disagree","Somewhat agree","Strongly agree",5,5
15,"Fall 2022","prepost14_4","Engaging in science communication will improve my job performace.","Level of Agreement","Strongly disagree","Somewhat disagree","Neither agree nor disagree","Somewhat agree","Strongly agree",4,5
78,"Spring 2023","prepost14_4","Engaging in science communication will improve my job performace.","Level of Agreement","Strongly disagree","Somewhat disagree","Neither agree nor disagree","Somewhat agree","Strongly agree",5,5
14,"Fall 2022","prepost14_4","Engaging in science communication will improve my job performace.","Level of Agreement","Strongly disagree","Somewhat disagree","Neither agree nor disagree","Somewhat agree","Strongly agree",3,4
66,"Spring 2022","prepost14_4","Engaging in science communication will improve my job performace.","Level of Agreement","Strongly disagree","Somewhat disagree","Neither agree nor disagree","Somewhat agree","Strongly agree",5,4
60,"Spring 2022","prepost14_4","Engaging in science communication will improve my job performace.","Level of Agreement","Strongly disagree","Somewhat disagree","Neither agree nor disagree","Somewhat agree","Strongly agree",5,4
31,"Spring 2022","prepost14_4","Engaging in science communication will improve my job performace.","Level of Agreement","Strongly disagree","Somewhat disagree","Neither agree nor disagree","Somewhat agree","Strongly agree",4,4
53,"Spring 2022","prepost14_4","Engaging in science communication will improve my job performace.","Level of Agreement","Strongly disagree","Somewhat disagree","Neither agree nor disagree","Somewhat agree","Strongly agree",4,4
52,"Spring 2023","prepost14_4","Engaging in science communication will improve my job performace.","Level of Agreement","Strongly disagree","Somewhat disagree","Neither agree nor disagree","Somewhat agree","Strongly agree",5,4
20,"Fall 2022","prepost14_4","Engaging in science communication will improve my job performace.","Level of Agreement","Strongly disagree","Somewhat disagree","Neither agree nor disagree","Somewhat agree","Strongly agree",5,4
72,"Spring 2023","prepost14_4","Engaging in science communication will improve my job performace.","Level of Agreement","Strongly disagree","Somewhat disagree","Neither agree nor disagree","Somewhat agree","Strongly agree",4,4
41,"Fall 2022","prepost14_4","Engaging in science communication will improve my job performace.","Level of Agreement","Strongly disagree","Somewhat disagree","Neither agree nor disagree","Somewhat agree","Strongly agree",3,5
75,"Spring 2023","prepost14_4","Engaging in science communication will improve my job performace.","Level of Agreement","Strongly disagree","Somewhat disagree","Neither agree nor disagree","Somewhat agree","Strongly agree",4,4
71,"Spring 2022","prepost14_4","Engaging in science communication will improve my job performace.","Level of Agreement","Strongly disagree","Somewhat disagree","Neither agree nor disagree","Somewhat agree","Strongly agree",4,4
1,"Spring 2022","prepost14_4","Engaging in science communication will improve my job performace.","Level of Agreement","Strongly disagree","Somewhat disagree","Neither agree nor disagree","Somewhat agree","Strongly agree",4,4
5,"Spring 2022","prepost14_4","Engaging in science communication will improve my job performace.","Level of Agreement","Strongly disagree","Somewhat disagree","Neither agree nor disagree","Somewhat agree","Strongly agree",5,4
63,"Spring 2023","prepost14_4","Engaging in science communication will improve my job performace.","Level of Agreement","Strongly disagree","Somewhat disagree","Neither agree nor disagree","Somewhat agree","Strongly agree",4,4
49,"Spring 2022","prepost7_1","Engaging in science communication improves my self worth.","Level of Agreement","Strongly disagree","Somewhat disagree","Neither agree nor disagree","Somewhat agree","Strongly agree",4,4
57,"Spring 2022","prepost7_1","Engaging in science communication improves my self worth.","Level of Agreement","Strongly disagree","Somewhat disagree","Neither agree nor disagree","Somewhat agree","Strongly agree",4,4
65,"Spring 2022","prepost7_1","Engaging in science communication improves my self worth.","Level of Agreement","Strongly disagree","Somewhat disagree","Neither agree nor disagree","Somewhat agree","Strongly agree",4,4
66,"Spring 2022","prepost7_1","Engaging in science communication improves my self worth.","Level of Agreement","Strongly disagree","Somewhat disagree","Neither agree nor disagree","Somewhat agree","Strongly agree",5,4
5,"Spring 2022","prepost7_1","Engaging in science communication improves my self worth.","Level of Agreement","Strongly disagree","Somewhat disagree","Neither agree nor disagree","Somewhat agree","Strongly agree",4,4
90,"Spring 2022","prepost7_1","Engaging in science communication improves my self worth.","Level of Agreement","Strongly disagree","Somewhat disagree","Neither agree nor disagree","Somewhat agree","Strongly agree",5,5
1,"Spring 2022","prepost7_1","Engaging in science communication improves my self worth.","Level of Agreement","Strongly disagree","Somewhat disagree","Neither agree nor disagree","Somewhat agree","Strongly agree",4,5
58,"Spring 2022","prepost7_1","Engaging in science communication improves my self worth.","Level of Agreement","Strongly disagree","Somewhat disagree","Neither agree nor disagree","Somewhat agree","Strongly agree",4,4
31,"Spring 2022","prepost7_1","Engaging in science communication improves my self worth.","Level of Agreement","Strongly disagree","Somewhat disagree","Neither agree nor disagree","Somewhat agree","Strongly agree",3,4
47,"Spring 2022","prepost7_1","Engaging in science communication improves my self worth.","Level of Agreement","Strongly disagree","Somewhat disagree","Neither agree nor disagree","Somewhat agree","Strongly agree",4,4
96,"Spring 2022","prepost7_1","Engaging in science communication improves my self worth.","Level of Agreement","Strongly disagree","Somewhat disagree","Neither agree nor disagree","Somewhat agree","Strongly agree",3,4
26,"Spring 2022","prepost7_1","Engaging in science communication improves my self worth.","Level of Agreement","Strongly disagree","Somewhat disagree","Neither agree nor disagree","Somewhat agree","Strongly agree",4,4
73,"Spring 2022","prepost7_1","Engaging in science communication improves my self worth.","Level of Agreement","Strongly disagree","Somewhat disagree","Neither agree nor disagree","Somewhat agree","Strongly agree",5,4
38,"Spring 2022","prepost7_1","Engaging in science communication improves my self worth.","Level of Agreement","Strongly disagree","Somewhat disagree","Neither agree nor disagree","Somewhat agree","Strongly agree",2,2
68,"Spring 2022","prepost7_1","Engaging in science communication improves my self worth.","Level of Agreement","Strongly disagree","Somewhat disagree","Neither agree nor disagree","Somewhat agree","Strongly agree",5,5
36,"All","prepost7_1","Engaging in science communication improves my self worth.","Level of Agreement","Strongly disagree","Somewhat disagree","Neither agree nor disagree","Somewhat agree","Strongly agree",3,3
36,"All","prepost7_1","Engaging in science communication improves my self worth.","Level of Agreement","Strongly disagree","Somewhat disagree","Neither agree nor disagree","Somewhat agree","Strongly agree",3,5
36,"All","prepost7_1","Engaging in science communication improves my self worth.","Level of Agreement","Strongly disagree","Somewhat disagree","Neither agree nor disagree","Somewhat agree","Strongly agree",3,4
74,"Spring 2022","prepost7_1","Engaging in science communication improves my self worth.","Level of Agreement","Strongly disagree","Somewhat disagree","Neither agree nor disagree","Somewhat agree","Strongly agree",5,5
71,"Spring 2022","prepost7_1","Engaging in science communication improves my self worth.","Level of Agreement","Strongly disagree","Somewhat disagree","Neither agree nor disagree","Somewhat agree","Strongly agree",4,4
60,"Spring 2022","prepost7_1","Engaging in science communication improves my self worth.","Level of Agreement","Strongly disagree","Somewhat disagree","Neither agree nor disagree","Somewhat agree","Strongly agree",3,3
40,"Spring 2022","prepost7_1","Engaging in science communication improves my self worth.","Level of Agreement","Strongly disagree","Somewhat disagree","Neither agree nor disagree","Somewhat agree","Strongly agree",5,5
53,"Spring 2022","prepost7_1","Engaging in science communication improves my self worth.","Level of Agreement","Strongly disagree","Somewhat disagree","Neither agree nor disagree","Somewhat agree","Strongly agree",4,4
24,"Spring 2022","prepost7_1","Engaging in science communication improves my self worth.","Level of Agreement","Strongly disagree","Somewhat disagree","Neither agree nor disagree","Somewhat agree","Strongly agree",4,4
44,"Spring 2022","prepost7_1","Engaging in science communication improves my self worth.","Level of Agreement","Strongly disagree","Somewhat disagree","Neither agree nor disagree","Somewhat agree","Strongly agree",4,4
43,"Spring 2022","prepost7_1","Engaging in science communication improves my self worth.","Level of Agreement","Strongly disagree","Somewhat disagree","Neither agree nor disagree","Somewhat agree","Strongly agree",4,4
45,"Spring 2022","prepost7_1","Engaging in science communication improves my self worth.","Level of Agreement","Strongly disagree","Somewhat disagree","Neither agree nor disagree","Somewhat agree","Strongly agree",3,4
48,"Spring 2022","prepost7_1","Engaging in science communication improves my self worth.","Level of Agreement","Strongly disagree","Somewhat disagree","Neither agree nor disagree","Somewhat agree","Strongly agree",4,3
54,"Spring 2022","prepost7_1","Engaging in science communication improves my self worth.","Level of Agreement","Strongly disagree","Somewhat disagree","Neither agree nor disagree","Somewhat agree","Strongly agree",4,4
87,"Spring 2022","prepost7_1","Engaging in science communication improves my self worth.","Level of Agreement","Strongly disagree","Somewhat disagree","Neither agree nor disagree","Somewhat agree","Strongly agree",4,4
55,"Spring 2022","prepost7_1","Engaging in science communication improves my self worth.","Level of Agreement","Strongly disagree","Somewhat disagree","Neither agree nor disagree","Somewhat agree","Strongly agree",4,4
61,"Spring 2022","prepost7_1","Engaging in science communication improves my self worth.","Level of Agreement","Strongly disagree","Somewhat disagree","Neither agree nor disagree","Somewhat agree","Strongly agree",5,5
32,"Spring 2022","prepost7_1","Engaging in science communication improves my self worth.","Level of Agreement","Strongly disagree","Somewhat disagree","Neither agree nor disagree","Somewhat agree","Strongly agree",4,4
83,"Spring 2022","prepost7_1","Engaging in science communication improves my self worth.","Level of Agreement","Strongly disagree","Somewhat disagree","Neither agree nor disagree","Somewhat agree","Strongly agree",4,5
85,"Spring 2022","prepost7_1","Engaging in science communication improves my self worth.","Level of Agreement","Strongly disagree","Somewhat disagree","Neither agree nor disagree","Somewhat agree","Strongly agree",4,5
103,"Spring 2022","prepost7_1","Engaging in science communication improves my self worth.","Level of Agreement","Strongly disagree","Somewhat disagree","Neither agree nor disagree","Somewhat agree","Strongly agree",4,4
81,"Fall 2022","prepost7_1","Engaging in science communication improves my self worth.","Level of Agreement","Strongly disagree","Somewhat disagree","Neither agree nor disagree","Somewhat agree","Strongly agree",3,3
30,"Fall 2022","prepost7_1","Engaging in science communication improves my self worth.","Level of Agreement","Strongly disagree","Somewhat disagree","Neither agree nor disagree","Somewhat agree","Strongly agree",3,4
36,"All","prepost7_1","Engaging in science communication improves my self worth.","Level of Agreement","Strongly disagree","Somewhat disagree","Neither agree nor disagree","Somewhat agree","Strongly agree",3,3
36,"All","prepost7_1","Engaging in science communication improves my self worth.","Level of Agreement","Strongly disagree","Somewhat disagree","Neither agree nor disagree","Somewhat agree","Strongly agree",3,5
36,"All","prepost7_1","Engaging in science communication improves my self worth.","Level of Agreement","Strongly disagree","Somewhat disagree","Neither agree nor disagree","Somewhat agree","Strongly agree",3,4
21,"Fall 2022","prepost7_1","Engaging in science communication improves my self worth.","Level of Agreement","Strongly disagree","Somewhat disagree","Neither agree nor disagree","Somewhat agree","Strongly agree",3,4
82,"Fall 2022","prepost7_1","Engaging in science communication improves my self worth.","Level of Agreement","Strongly disagree","Somewhat disagree","Neither agree nor disagree","Somewhat agree","Strongly agree",4,3
67,"Fall 2022","prepost7_1","Engaging in science communication improves my self worth.","Level of Agreement","Strongly disagree","Somewhat disagree","Neither agree nor disagree","Somewhat agree","Strongly agree",4,5
25,"Fall 2022","prepost7_1","Engaging in science communication improves my self worth.","Level of Agreement","Strongly disagree","Somewhat disagree","Neither agree nor disagree","Somewhat agree","Strongly agree",5,4
106,"Fall 2022","prepost7_1","Engaging in science communication improves my self worth.","Level of Agreement","Strongly disagree","Somewhat disagree","Neither agree nor disagree","Somewhat agree","Strongly agree",2,2
20,"Fall 2022","prepost7_1","Engaging in science communication improves my self worth.","Level of Agreement","Strongly disagree","Somewhat disagree","Neither agree nor disagree","Somewhat agree","Strongly agree",4,4
15,"Fall 2022","prepost7_1","Engaging in science communication improves my self worth.","Level of Agreement","Strongly disagree","Somewhat disagree","Neither agree nor disagree","Somewhat agree","Strongly agree",5,5
14,"Fall 2022","prepost7_1","Engaging in science communication improves my self worth.","Level of Agreement","Strongly disagree","Somewhat disagree","Neither agree nor disagree","Somewhat agree","Strongly agree",4,4
41,"Fall 2022","prepost7_1","Engaging in science communication improves my self worth.","Level of Agreement","Strongly disagree","Somewhat disagree","Neither agree nor disagree","Somewhat agree","Strongly agree",4,5
75,"Spring 2023","prepost7_1","Engaging in science communication improves my self worth.","Level of Agreement","Strongly disagree","Somewhat disagree","Neither agree nor disagree","Somewhat agree","Strongly agree",3,4
64,"Spring 2023","prepost7_1","Engaging in science communication improves my self worth.","Level of Agreement","Strongly disagree","Somewhat disagree","Neither agree nor disagree","Somewhat agree","Strongly agree",3,4
86,"Spring 2023","prepost7_1","Engaging in science communication improves my self worth.","Level of Agreement","Strongly disagree","Somewhat disagree","Neither agree nor disagree","Somewhat agree","Strongly agree",4,4
11,"Spring 2023","prepost7_1","Engaging in science communication improves my self worth.","Level of Agreement","Strongly disagree","Somewhat disagree","Neither agree nor disagree","Somewhat agree","Strongly agree",4,4
35,"Spring 2023","prepost7_1","Engaging in science communication improves my self worth.","Level of Agreement","Strongly disagree","Somewhat disagree","Neither agree nor disagree","Somewhat agree","Strongly agree",4,5
37,"Spring 2023","prepost7_1","Engaging in science communication improves my self worth.","Level of Agreement","Strongly disagree","Somewhat disagree","Neither agree nor disagree","Somewhat agree","Strongly agree",5,5
23,"Spring 2023","prepost7_1","Engaging in science communication improves my self worth.","Level of Agreement","Strongly disagree","Somewhat disagree","Neither agree nor disagree","Somewhat agree","Strongly agree",4,5
78,"Spring 2023","prepost7_1","Engaging in science communication improves my self worth.","Level of Agreement","Strongly disagree","Somewhat disagree","Neither agree nor disagree","Somewhat agree","Strongly agree",5,4
33,"Spring 2023","prepost7_1","Engaging in science communication improves my self worth.","Level of Agreement","Strongly disagree","Somewhat disagree","Neither agree nor disagree","Somewhat agree","Strongly agree",3,4
2,"Spring 2023","prepost7_1","Engaging in science communication improves my self worth.","Level of Agreement","Strongly disagree","Somewhat disagree","Neither agree nor disagree","Somewhat agree","Strongly agree",4,4
6,"Spring 2023","prepost7_1","Engaging in science communication improves my self worth.","Level of Agreement","Strongly disagree","Somewhat disagree","Neither agree nor disagree","Somewhat agree","Strongly agree",4,3
28,"Spring 2023","prepost7_1","Engaging in science communication improves my self worth.","Level of Agreement","Strongly disagree","Somewhat disagree","Neither agree nor disagree","Somewhat agree","Strongly agree",5,4
72,"Spring 2023","prepost7_1","Engaging in science communication improves my self worth.","Level of Agreement","Strongly disagree","Somewhat disagree","Neither agree nor disagree","Somewhat agree","Strongly agree",4,3
84,"Spring 2023","prepost7_1","Engaging in science communication improves my self worth.","Level of Agreement","Strongly disagree","Somewhat disagree","Neither agree nor disagree","Somewhat agree","Strongly agree",3,3
88,"Spring 2023","prepost7_1","Engaging in science communication improves my self worth.","Level of Agreement","Strongly disagree","Somewhat disagree","Neither agree nor disagree","Somewhat agree","Strongly agree",5,5
4,"Spring 2023","prepost7_1","Engaging in science communication improves my self worth.","Level of Agreement","Strongly disagree","Somewhat disagree","Neither agree nor disagree","Somewhat agree","Strongly agree",4,4
63,"Spring 2023","prepost7_1","Engaging in science communication improves my self worth.","Level of Agreement","Strongly disagree","Somewhat disagree","Neither agree nor disagree","Somewhat agree","Strongly agree",4,4
46,"Spring 2023","prepost7_1","Engaging in science communication improves my self worth.","Level of Agreement","Strongly disagree","Somewhat disagree","Neither agree nor disagree","Somewhat agree","Strongly agree",4,3
108,"Spring 2023","prepost7_1","Engaging in science communication improves my self worth.","Level of Agreement","Strongly disagree","Somewhat disagree","Neither agree nor disagree","Somewhat agree","Strongly agree",4,5
52,"Spring 2023","prepost7_1","Engaging in science communication improves my self worth.","Level of Agreement","Strongly disagree","Somewhat disagree","Neither agree nor disagree","Somewhat agree","Strongly agree",4,4
36,"All","prepost7_1","Engaging in science communication improves my self worth.","Level of Agreement","Strongly disagree","Somewhat disagree","Neither agree nor disagree","Somewhat agree","Strongly agree",5,3
36,"All","prepost7_1","Engaging in science communication improves my self worth.","Level of Agreement","Strongly disagree","Somewhat disagree","Neither agree nor disagree","Somewhat agree","Strongly agree",5,5
36,"All","prepost7_1","Engaging in science communication improves my self worth.","Level of Agreement","Strongly disagree","Somewhat disagree","Neither agree nor disagree","Somewhat agree","Strongly agree",5,4
34,"Spring 2023","prepost7_1","Engaging in science communication improves my self worth.","Level of Agreement","Strongly disagree","Somewhat disagree","Neither agree nor disagree","Somewhat agree","Strongly agree",5,5
89,"Spring 2023","prepost7_1","Engaging in science communication improves my self worth.","Level of Agreement","Strongly disagree","Somewhat disagree","Neither agree nor disagree","Somewhat agree","Strongly agree",5,5
51,"Spring 2023","prepost7_1","Engaging in science communication improves my self worth.","Level of Agreement","Strongly disagree","Somewhat disagree","Neither agree nor disagree","Somewhat agree","Strongly agree",5,5
34,"Spring 2023","prepost7_2","Successfully communicating my research to the public makes me feel good about myself.","Level of Agreement","Strongly disagree","Somewhat disagree","Neither agree nor disagree","Somewhat agree","Strongly agree",5,5
108,"Spring 2023","prepost7_2","Successfully communicating my research to the public makes me feel good about myself.","Level of Agreement","Strongly disagree","Somewhat disagree","Neither agree nor disagree","Somewhat agree","Strongly agree",4,5
58,"Spring 2022","prepost7_2","Successfully communicating my research to the public makes me feel good about myself.","Level of Agreement","Strongly disagree","Somewhat disagree","Neither agree nor disagree","Somewhat agree","Strongly agree",5,5
23,"Spring 2023","prepost7_2","Successfully communicating my research to the public makes me feel good about myself.","Level of Agreement","Strongly disagree","Somewhat disagree","Neither agree nor disagree","Somewhat agree","Strongly agree",5,5
25,"Fall 2022","prepost7_2","Successfully communicating my research to the public makes me feel good about myself.","Level of Agreement","Strongly disagree","Somewhat disagree","Neither agree nor disagree","Somewhat agree","Strongly agree",4,5
30,"Fall 2022","prepost7_2","Successfully communicating my research to the public makes me feel good about myself.","Level of Agreement","Strongly disagree","Somewhat disagree","Neither agree nor disagree","Somewhat agree","Strongly agree",4,3
28,"Spring 2023","prepost7_2","Successfully communicating my research to the public makes me feel good about myself.","Level of Agreement","Strongly disagree","Somewhat disagree","Neither agree nor disagree","Somewhat agree","Strongly agree",4,5
65,"Spring 2022","prepost7_2","Successfully communicating my research to the public makes me feel good about myself.","Level of Agreement","Strongly disagree","Somewhat disagree","Neither agree nor disagree","Somewhat agree","Strongly agree",4,4
87,"Spring 2022","prepost7_2","Successfully communicating my research to the public makes me feel good about myself.","Level of Agreement","Strongly disagree","Somewhat disagree","Neither agree nor disagree","Somewhat agree","Strongly agree",5,4
73,"Spring 2022","prepost7_2","Successfully communicating my research to the public makes me feel good about myself.","Level of Agreement","Strongly disagree","Somewhat disagree","Neither agree nor disagree","Somewhat agree","Strongly agree",5,5
81,"Fall 2022","prepost7_2","Successfully communicating my research to the public makes me feel good about myself.","Level of Agreement","Strongly disagree","Somewhat disagree","Neither agree nor disagree","Somewhat agree","Strongly agree",4,4
46,"Spring 2023","prepost7_2","Successfully communicating my research to the public makes me feel good about myself.","Level of Agreement","Strongly disagree","Somewhat disagree","Neither agree nor disagree","Somewhat agree","Strongly agree",5,4
31,"Spring 2022","prepost7_2","Successfully communicating my research to the public makes me feel good about myself.","Level of Agreement","Strongly disagree","Somewhat disagree","Neither agree nor disagree","Somewhat agree","Strongly agree",4,4
72,"Spring 2023","prepost7_2","Successfully communicating my research to the public makes me feel good about myself.","Level of Agreement","Strongly disagree","Somewhat disagree","Neither agree nor disagree","Somewhat agree","Strongly agree",5,3
85,"Spring 2022","prepost7_2","Successfully communicating my research to the public makes me feel good about myself.","Level of Agreement","Strongly disagree","Somewhat disagree","Neither agree nor disagree","Somewhat agree","Strongly agree",5,5
21,"Fall 2022","prepost7_2","Successfully communicating my research to the public makes me feel good about myself.","Level of Agreement","Strongly disagree","Somewhat disagree","Neither agree nor disagree","Somewhat agree","Strongly agree",4,4
49,"Spring 2022","prepost7_2","Successfully communicating my research to the public makes me feel good about myself.","Level of Agreement","Strongly disagree","Somewhat disagree","Neither agree nor disagree","Somewhat agree","Strongly agree",4,4
67,"Fall 2022","prepost7_2","Successfully communicating my research to the public makes me feel good about myself.","Level of Agreement","Strongly disagree","Somewhat disagree","Neither agree nor disagree","Somewhat agree","Strongly agree",4,3
57,"Spring 2022","prepost7_2","Successfully communicating my research to the public makes me feel good about myself.","Level of Agreement","Strongly disagree","Somewhat disagree","Neither agree nor disagree","Somewhat agree","Strongly agree",5,5
61,"Spring 2022","prepost7_2","Successfully communicating my research to the public makes me feel good about myself.","Level of Agreement","Strongly disagree","Somewhat disagree","Neither agree nor disagree","Somewhat agree","Strongly agree",5,5
63,"Spring 2023","prepost7_2","Successfully communicating my research to the public makes me feel good about myself.","Level of Agreement","Strongly disagree","Somewhat disagree","Neither agree nor disagree","Somewhat agree","Strongly agree",4,4
66,"Spring 2022","prepost7_2","Successfully communicating my research to the public makes me feel good about myself.","Level of Agreement","Strongly disagree","Somewhat disagree","Neither agree nor disagree","Somewhat agree","Strongly agree",4,5
26,"Spring 2022","prepost7_2","Successfully communicating my research to the public makes me feel good about myself.","Level of Agreement","Strongly disagree","Somewhat disagree","Neither agree nor disagree","Somewhat agree","Strongly agree",4,4
48,"Spring 2022","prepost7_2","Successfully communicating my research to the public makes me feel good about myself.","Level of Agreement","Strongly disagree","Somewhat disagree","Neither agree nor disagree","Somewhat agree","Strongly agree",4,4
24,"Spring 2022","prepost7_2","Successfully communicating my research to the public makes me feel good about myself.","Level of Agreement","Strongly disagree","Somewhat disagree","Neither agree nor disagree","Somewhat agree","Strongly agree",5,3
4,"Spring 2023","prepost7_2","Successfully communicating my research to the public makes me feel good about myself.","Level of Agreement","Strongly disagree","Somewhat disagree","Neither agree nor disagree","Somewhat agree","Strongly agree",4,5
32,"Spring 2022","prepost7_2","Successfully communicating my research to the public makes me feel good about myself.","Level of Agreement","Strongly disagree","Somewhat disagree","Neither agree nor disagree","Somewhat agree","Strongly agree",4,4
103,"Spring 2022","prepost7_2","Successfully communicating my research to the public makes me feel good about myself.","Level of Agreement","Strongly disagree","Somewhat disagree","Neither agree nor disagree","Somewhat agree","Strongly agree",4,4
89,"Spring 2023","prepost7_2","Successfully communicating my research to the public makes me feel good about myself.","Level of Agreement","Strongly disagree","Somewhat disagree","Neither agree nor disagree","Somewhat agree","Strongly agree",5,5
54,"Spring 2022","prepost7_2","Successfully communicating my research to the public makes me feel good about myself.","Level of Agreement","Strongly disagree","Somewhat disagree","Neither agree nor disagree","Somewhat agree","Strongly agree",5,4
47,"Spring 2022","prepost7_2","Successfully communicating my research to the public makes me feel good about myself.","Level of Agreement","Strongly disagree","Somewhat disagree","Neither agree nor disagree","Somewhat agree","Strongly agree",4,4
86,"Spring 2023","prepost7_2","Successfully communicating my research to the public makes me feel good about myself.","Level of Agreement","Strongly disagree","Somewhat disagree","Neither agree nor disagree","Somewhat agree","Strongly agree",4,4
84,"Spring 2023","prepost7_2","Successfully communicating my research to the public makes me feel good about myself.","Level of Agreement","Strongly disagree","Somewhat disagree","Neither agree nor disagree","Somewhat agree","Strongly agree",5,4
96,"Spring 2022","prepost7_2","Successfully communicating my research to the public makes me feel good about myself.","Level of Agreement","Strongly disagree","Somewhat disagree","Neither agree nor disagree","Somewhat agree","Strongly agree",4,4
82,"Fall 2022","prepost7_2","Successfully communicating my research to the public makes me feel good about myself.","Level of Agreement","Strongly disagree","Somewhat disagree","Neither agree nor disagree","Somewhat agree","Strongly agree",4,3
36,"All","prepost7_2","Successfully communicating my research to the public makes me feel good about myself.","Level of Agreement","Strongly disagree","Somewhat disagree","Neither agree nor disagree","Somewhat agree","Strongly agree",5,5
88,"Spring 2023","prepost7_2","Successfully communicating my research to the public makes me feel good about myself.","Level of Agreement","Strongly disagree","Somewhat disagree","Neither agree nor disagree","Somewhat agree","Strongly agree",5,4
36,"All","prepost7_2","Successfully communicating my research to the public makes me feel good about myself.","Level of Agreement","Strongly disagree","Somewhat disagree","Neither agree nor disagree","Somewhat agree","Strongly agree",5,5
36,"All","prepost7_2","Successfully communicating my research to the public makes me feel good about myself.","Level of Agreement","Strongly disagree","Somewhat disagree","Neither agree nor disagree","Somewhat agree","Strongly agree",5,4
64,"Spring 2023","prepost7_2","Successfully communicating my research to the public makes me feel good about myself.","Level of Agreement","Strongly disagree","Somewhat disagree","Neither agree nor disagree","Somewhat agree","Strongly agree",4,4
41,"Fall 2022","prepost7_2","Successfully communicating my research to the public makes me feel good about myself.","Level of Agreement","Strongly disagree","Somewhat disagree","Neither agree nor disagree","Somewhat agree","Strongly agree",3,4
14,"Fall 2022","prepost7_2","Successfully communicating my research to the public makes me feel good about myself.","Level of Agreement","Strongly disagree","Somewhat disagree","Neither agree nor disagree","Somewhat agree","Strongly agree",5,5
78,"Spring 2023","prepost7_2","Successfully communicating my research to the public makes me feel good about myself.","Level of Agreement","Strongly disagree","Somewhat disagree","Neither agree nor disagree","Somewhat agree","Strongly agree",4,3
20,"Fall 2022","prepost7_2","Successfully communicating my research to the public makes me feel good about myself.","Level of Agreement","Strongly disagree","Somewhat disagree","Neither agree nor disagree","Somewhat agree","Strongly agree",4,4
36,"All","prepost7_2","Successfully communicating my research to the public makes me feel good about myself.","Level of Agreement","Strongly disagree","Somewhat disagree","Neither agree nor disagree","Somewhat agree","Strongly agree",4,4
83,"Spring 2022","prepost7_2","Successfully communicating my research to the public makes me feel good about myself.","Level of Agreement","Strongly disagree","Somewhat disagree","Neither agree nor disagree","Somewhat agree","Strongly agree",5,5
35,"Spring 2023","prepost7_2","Successfully communicating my research to the public makes me feel good about myself.","Level of Agreement","Strongly disagree","Somewhat disagree","Neither agree nor disagree","Somewhat agree","Strongly agree",5,5
44,"Spring 2022","prepost7_2","Successfully communicating my research to the public makes me feel good about myself.","Level of Agreement","Strongly disagree","Somewhat disagree","Neither agree nor disagree","Somewhat agree","Strongly agree",4,4
11,"Spring 2023","prepost7_2","Successfully communicating my research to the public makes me feel good about myself.","Level of Agreement","Strongly disagree","Somewhat disagree","Neither agree nor disagree","Somewhat agree","Strongly agree",4,4
36,"All","prepost7_2","Successfully communicating my research to the public makes me feel good about myself.","Level of Agreement","Strongly disagree","Somewhat disagree","Neither agree nor disagree","Somewhat agree","Strongly agree",4,5
5,"Spring 2022","prepost7_2","Successfully communicating my research to the public makes me feel good about myself.","Level of Agreement","Strongly disagree","Somewhat disagree","Neither agree nor disagree","Somewhat agree","Strongly agree",5,5
60,"Spring 2022","prepost7_2","Successfully communicating my research to the public makes me feel good about myself.","Level of Agreement","Strongly disagree","Somewhat disagree","Neither agree nor disagree","Somewhat agree","Strongly agree",4,3
43,"Spring 2022","prepost7_2","Successfully communicating my research to the public makes me feel good about myself.","Level of Agreement","Strongly disagree","Somewhat disagree","Neither agree nor disagree","Somewhat agree","Strongly agree",5,5
36,"All","prepost7_2","Successfully communicating my research to the public makes me feel good about myself.","Level of Agreement","Strongly disagree","Somewhat disagree","Neither agree nor disagree","Somewhat agree","Strongly agree",4,5
51,"Spring 2023","prepost7_2","Successfully communicating my research to the public makes me feel good about myself.","Level of Agreement","Strongly disagree","Somewhat disagree","Neither agree nor disagree","Somewhat agree","Strongly agree",5,5
33,"Spring 2023","prepost7_2","Successfully communicating my research to the public makes me feel good about myself.","Level of Agreement","Strongly disagree","Somewhat disagree","Neither agree nor disagree","Somewhat agree","Strongly agree",4,3
71,"Spring 2022","prepost7_2","Successfully communicating my research to the public makes me feel good about myself.","Level of Agreement","Strongly disagree","Somewhat disagree","Neither agree nor disagree","Somewhat agree","Strongly agree",5,5
37,"Spring 2023","prepost7_2","Successfully communicating my research to the public makes me feel good about myself.","Level of Agreement","Strongly disagree","Somewhat disagree","Neither agree nor disagree","Somewhat agree","Strongly agree",4,5
15,"Fall 2022","prepost7_2","Successfully communicating my research to the public makes me feel good about myself.","Level of Agreement","Strongly disagree","Somewhat disagree","Neither agree nor disagree","Somewhat agree","Strongly agree",5,5
36,"All","prepost7_2","Successfully communicating my research to the public makes me feel good about myself.","Level of Agreement","Strongly disagree","Somewhat disagree","Neither agree nor disagree","Somewhat agree","Strongly agree",5,4
36,"All","prepost7_2","Successfully communicating my research to the public makes me feel good about myself.","Level of Agreement","Strongly disagree","Somewhat disagree","Neither agree nor disagree","Somewhat agree","Strongly agree",5,5
36,"All","prepost7_2","Successfully communicating my research to the public makes me feel good about myself.","Level of Agreement","Strongly disagree","Somewhat disagree","Neither agree nor disagree","Somewhat agree","Strongly agree",5,5
90,"Spring 2022","prepost7_2","Successfully communicating my research to the public makes me feel good about myself.","Level of Agreement","Strongly disagree","Somewhat disagree","Neither agree nor disagree","Somewhat agree","Strongly agree",5,5
53,"Spring 2022","prepost7_2","Successfully communicating my research to the public makes me feel good about myself.","Level of Agreement","Strongly disagree","Somewhat disagree","Neither agree nor disagree","Somewhat agree","Strongly agree",4,3
106,"Fall 2022","prepost7_2","Successfully communicating my research to the public makes me feel good about myself.","Level of Agreement","Strongly disagree","Somewhat disagree","Neither agree nor disagree","Somewhat agree","Strongly agree",4,4
68,"Spring 2022","prepost7_2","Successfully communicating my research to the public makes me feel good about myself.","Level of Agreement","Strongly disagree","Somewhat disagree","Neither agree nor disagree","Somewhat agree","Strongly agree",5,5
75,"Spring 2023","prepost7_2","Successfully communicating my research to the public makes me feel good about myself.","Level of Agreement","Strongly disagree","Somewhat disagree","Neither agree nor disagree","Somewhat agree","Strongly agree",4,4
52,"Spring 2023","prepost7_2","Successfully communicating my research to the public makes me feel good about myself.","Level of Agreement","Strongly disagree","Somewhat disagree","Neither agree nor disagree","Somewhat agree","Strongly agree",4,5
1,"Spring 2022","prepost7_2","Successfully communicating my research to the public makes me feel good about myself.","Level of Agreement","Strongly disagree","Somewhat disagree","Neither agree nor disagree","Somewhat agree","Strongly agree",5,5
40,"Spring 2022","prepost7_2","Successfully communicating my research to the public makes me feel good about myself.","Level of Agreement","Strongly disagree","Somewhat disagree","Neither agree nor disagree","Somewhat agree","Strongly agree",5,5
2,"Spring 2023","prepost7_2","Successfully communicating my research to the public makes me feel good about myself.","Level of Agreement","Strongly disagree","Somewhat disagree","Neither agree nor disagree","Somewhat agree","Strongly agree",4,4
45,"Spring 2022","prepost7_2","Successfully communicating my research to the public makes me feel good about myself.","Level of Agreement","Strongly disagree","Somewhat disagree","Neither agree nor disagree","Somewhat agree","Strongly agree",3,5
38,"Spring 2022","prepost7_2","Successfully communicating my research to the public makes me feel good about myself.","Level of Agreement","Strongly disagree","Somewhat disagree","Neither agree nor disagree","Somewhat agree","Strongly agree",4,4
74,"Spring 2022","prepost7_2","Successfully communicating my research to the public makes me feel good about myself.","Level of Agreement","Strongly disagree","Somewhat disagree","Neither agree nor disagree","Somewhat agree","Strongly agree",5,5
55,"Spring 2022","prepost7_2","Successfully communicating my research to the public makes me feel good about myself.","Level of Agreement","Strongly disagree","Somewhat disagree","Neither agree nor disagree","Somewhat agree","Strongly agree",5,5
6,"Spring 2023","prepost7_2","Successfully communicating my research to the public makes me feel good about myself.","Level of Agreement","Strongly disagree","Somewhat disagree","Neither agree nor disagree","Somewhat agree","Strongly agree",5,4
23,"Spring 2023","prepost7_3","I believe engaging in science communication is necessary for me to feel successful.","Level of Agreement","Strongly disagree","Somewhat disagree","Neither agree nor disagree","Somewhat agree","Strongly agree",4,5
86,"Spring 2023","prepost7_3","I believe engaging in science communication is necessary for me to feel successful.","Level of Agreement","Strongly disagree","Somewhat disagree","Neither agree nor disagree","Somewhat agree","Strongly agree",4,4
53,"Spring 2022","prepost7_3","I believe engaging in science communication is necessary for me to feel successful.","Level of Agreement","Strongly disagree","Somewhat disagree","Neither agree nor disagree","Somewhat agree","Strongly agree",4,3
64,"Spring 2023","prepost7_3","I believe engaging in science communication is necessary for me to feel successful.","Level of Agreement","Strongly disagree","Somewhat disagree","Neither agree nor disagree","Somewhat agree","Strongly agree",3,3
41,"Fall 2022","prepost7_3","I believe engaging in science communication is necessary for me to feel successful.","Level of Agreement","Strongly disagree","Somewhat disagree","Neither agree nor disagree","Somewhat agree","Strongly agree",5,4
34,"Spring 2023","prepost7_3","I believe engaging in science communication is necessary for me to feel successful.","Level of Agreement","Strongly disagree","Somewhat disagree","Neither agree nor disagree","Somewhat agree","Strongly agree",3,4
60,"Spring 2022","prepost7_3","I believe engaging in science communication is necessary for me to feel successful.","Level of Agreement","Strongly disagree","Somewhat disagree","Neither agree nor disagree","Somewhat agree","Strongly agree",5,4
75,"Spring 2023","prepost7_3","I believe engaging in science communication is necessary for me to feel successful.","Level of Agreement","Strongly disagree","Somewhat disagree","Neither agree nor disagree","Somewhat agree","Strongly agree",4,4
40,"Spring 2022","prepost7_3","I believe engaging in science communication is necessary for me to feel successful.","Level of Agreement","Strongly disagree","Somewhat disagree","Neither agree nor disagree","Somewhat agree","Strongly agree",5,5
61,"Spring 2022","prepost7_3","I believe engaging in science communication is necessary for me to feel successful.","Level of Agreement","Strongly disagree","Somewhat disagree","Neither agree nor disagree","Somewhat agree","Strongly agree",5,5
49,"Spring 2022","prepost7_3","I believe engaging in science communication is necessary for me to feel successful.","Level of Agreement","Strongly disagree","Somewhat disagree","Neither agree nor disagree","Somewhat agree","Strongly agree",2,2
89,"Spring 2023","prepost7_3","I believe engaging in science communication is necessary for me to feel successful.","Level of Agreement","Strongly disagree","Somewhat disagree","Neither agree nor disagree","Somewhat agree","Strongly agree",5,4
36,"All","prepost7_3","I believe engaging in science communication is necessary for me to feel successful.","Level of Agreement","Strongly disagree","Somewhat disagree","Neither agree nor disagree","Somewhat agree","Strongly agree",4,3
36,"All","prepost7_3","I believe engaging in science communication is necessary for me to feel successful.","Level of Agreement","Strongly disagree","Somewhat disagree","Neither agree nor disagree","Somewhat agree","Strongly agree",4,5
36,"All","prepost7_3","I believe engaging in science communication is necessary for me to feel successful.","Level of Agreement","Strongly disagree","Somewhat disagree","Neither agree nor disagree","Somewhat agree","Strongly agree",4,3
83,"Spring 2022","prepost7_3","I believe engaging in science communication is necessary for me to feel successful.","Level of Agreement","Strongly disagree","Somewhat disagree","Neither agree nor disagree","Somewhat agree","Strongly agree",3,5
66,"Spring 2022","prepost7_3","I believe engaging in science communication is necessary for me to feel successful.","Level of Agreement","Strongly disagree","Somewhat disagree","Neither agree nor disagree","Somewhat agree","Strongly agree",5,4
5,"Spring 2022","prepost7_3","I believe engaging in science communication is necessary for me to feel successful.","Level of Agreement","Strongly disagree","Somewhat disagree","Neither agree nor disagree","Somewhat agree","Strongly agree",4,4
36,"All","prepost7_3","I believe engaging in science communication is necessary for me to feel successful.","Level of Agreement","Strongly disagree","Somewhat disagree","Neither agree nor disagree","Somewhat agree","Strongly agree",5,3
36,"All","prepost7_3","I believe engaging in science communication is necessary for me to feel successful.","Level of Agreement","Strongly disagree","Somewhat disagree","Neither agree nor disagree","Somewhat agree","Strongly agree",5,5
36,"All","prepost7_3","I believe engaging in science communication is necessary for me to feel successful.","Level of Agreement","Strongly disagree","Somewhat disagree","Neither agree nor disagree","Somewhat agree","Strongly agree",5,3
90,"Spring 2022","prepost7_3","I believe engaging in science communication is necessary for me to feel successful.","Level of Agreement","Strongly disagree","Somewhat disagree","Neither agree nor disagree","Somewhat agree","Strongly agree",5,5
52,"Spring 2023","prepost7_3","I believe engaging in science communication is necessary for me to feel successful.","Level of Agreement","Strongly disagree","Somewhat disagree","Neither agree nor disagree","Somewhat agree","Strongly agree",5,4
1,"Spring 2022","prepost7_3","I believe engaging in science communication is necessary for me to feel successful.","Level of Agreement","Strongly disagree","Somewhat disagree","Neither agree nor disagree","Somewhat agree","Strongly agree",4,4
55,"Spring 2022","prepost7_3","I believe engaging in science communication is necessary for me to feel successful.","Level of Agreement","Strongly disagree","Somewhat disagree","Neither agree nor disagree","Somewhat agree","Strongly agree",3,5
108,"Spring 2023","prepost7_3","I believe engaging in science communication is necessary for me to feel successful.","Level of Agreement","Strongly disagree","Somewhat disagree","Neither agree nor disagree","Somewhat agree","Strongly agree",5,4
58,"Spring 2022","prepost7_3","I believe engaging in science communication is necessary for me to feel successful.","Level of Agreement","Strongly disagree","Somewhat disagree","Neither agree nor disagree","Somewhat agree","Strongly agree",5,4
87,"Spring 2022","prepost7_3","I believe engaging in science communication is necessary for me to feel successful.","Level of Agreement","Strongly disagree","Somewhat disagree","Neither agree nor disagree","Somewhat agree","Strongly agree",2,3
46,"Spring 2023","prepost7_3","I believe engaging in science communication is necessary for me to feel successful.","Level of Agreement","Strongly disagree","Somewhat disagree","Neither agree nor disagree","Somewhat agree","Strongly agree",4,4
21,"Fall 2022","prepost7_3","I believe engaging in science communication is necessary for me to feel successful.","Level of Agreement","Strongly disagree","Somewhat disagree","Neither agree nor disagree","Somewhat agree","Strongly agree",3,2
32,"Spring 2022","prepost7_3","I believe engaging in science communication is necessary for me to feel successful.","Level of Agreement","Strongly disagree","Somewhat disagree","Neither agree nor disagree","Somewhat agree","Strongly agree",4,4
63,"Spring 2023","prepost7_3","I believe engaging in science communication is necessary for me to feel successful.","Level of Agreement","Strongly disagree","Somewhat disagree","Neither agree nor disagree","Somewhat agree","Strongly agree",4,4
31,"Spring 2022","prepost7_3","I believe engaging in science communication is necessary for me to feel successful.","Level of Agreement","Strongly disagree","Somewhat disagree","Neither agree nor disagree","Somewhat agree","Strongly agree",2,3
4,"Spring 2023","prepost7_3","I believe engaging in science communication is necessary for me to feel successful.","Level of Agreement","Strongly disagree","Somewhat disagree","Neither agree nor disagree","Somewhat agree","Strongly agree",3,3
54,"Spring 2022","prepost7_3","I believe engaging in science communication is necessary for me to feel successful.","Level of Agreement","Strongly disagree","Somewhat disagree","Neither agree nor disagree","Somewhat agree","Strongly agree",5,4
47,"Spring 2022","prepost7_3","I believe engaging in science communication is necessary for me to feel successful.","Level of Agreement","Strongly disagree","Somewhat disagree","Neither agree nor disagree","Somewhat agree","Strongly agree",5,4
82,"Fall 2022","prepost7_3","I believe engaging in science communication is necessary for me to feel successful.","Level of Agreement","Strongly disagree","Somewhat disagree","Neither agree nor disagree","Somewhat agree","Strongly agree",4,3
103,"Spring 2022","prepost7_3","I believe engaging in science communication is necessary for me to feel successful.","Level of Agreement","Strongly disagree","Somewhat disagree","Neither agree nor disagree","Somewhat agree","Strongly agree",4,3
88,"Spring 2023","prepost7_3","I believe engaging in science communication is necessary for me to feel successful.","Level of Agreement","Strongly disagree","Somewhat disagree","Neither agree nor disagree","Somewhat agree","Strongly agree",4,4
96,"Spring 2022","prepost7_3","I believe engaging in science communication is necessary for me to feel successful.","Level of Agreement","Strongly disagree","Somewhat disagree","Neither agree nor disagree","Somewhat agree","Strongly agree",2,4
84,"Spring 2023","prepost7_3","I believe engaging in science communication is necessary for me to feel successful.","Level of Agreement","Strongly disagree","Somewhat disagree","Neither agree nor disagree","Somewhat agree","Strongly agree",5,4
48,"Spring 2022","prepost7_3","I believe engaging in science communication is necessary for me to feel successful.","Level of Agreement","Strongly disagree","Somewhat disagree","Neither agree nor disagree","Somewhat agree","Strongly agree",3,3
26,"Spring 2022","prepost7_3","I believe engaging in science communication is necessary for me to feel successful.","Level of Agreement","Strongly disagree","Somewhat disagree","Neither agree nor disagree","Somewhat agree","Strongly agree",3,3
67,"Fall 2022","prepost7_3","I believe engaging in science communication is necessary for me to feel successful.","Level of Agreement","Strongly disagree","Somewhat disagree","Neither agree nor disagree","Somewhat agree","Strongly agree",5,5
72,"Spring 2023","prepost7_3","I believe engaging in science communication is necessary for me to feel successful.","Level of Agreement","Strongly disagree","Somewhat disagree","Neither agree nor disagree","Somewhat agree","Strongly agree",5,3
28,"Spring 2023","prepost7_3","I believe engaging in science communication is necessary for me to feel successful.","Level of Agreement","Strongly disagree","Somewhat disagree","Neither agree nor disagree","Somewhat agree","Strongly agree",4,5
73,"Spring 2022","prepost7_3","I believe engaging in science communication is necessary for me to feel successful.","Level of Agreement","Strongly disagree","Somewhat disagree","Neither agree nor disagree","Somewhat agree","Strongly agree",3,2
45,"Spring 2022","prepost7_3","I believe engaging in science communication is necessary for me to feel successful.","Level of Agreement","Strongly disagree","Somewhat disagree","Neither agree nor disagree","Somewhat agree","Strongly agree",3,3
25,"Fall 2022","prepost7_3","I believe engaging in science communication is necessary for me to feel successful.","Level of Agreement","Strongly disagree","Somewhat disagree","Neither agree nor disagree","Somewhat agree","Strongly agree",5,5
30,"Fall 2022","prepost7_3","I believe engaging in science communication is necessary for me to feel successful.","Level of Agreement","Strongly disagree","Somewhat disagree","Neither agree nor disagree","Somewhat agree","Strongly agree",4,4
6,"Spring 2023","prepost7_3","I believe engaging in science communication is necessary for me to feel successful.","Level of Agreement","Strongly disagree","Somewhat disagree","Neither agree nor disagree","Somewhat agree","Strongly agree",4,4
38,"Spring 2022","prepost7_3","I believe engaging in science communication is necessary for me to feel successful.","Level of Agreement","Strongly disagree","Somewhat disagree","Neither agree nor disagree","Somewhat agree","Strongly agree",4,2
2,"Spring 2023","prepost7_3","I believe engaging in science communication is necessary for me to feel successful.","Level of Agreement","Strongly disagree","Somewhat disagree","Neither agree nor disagree","Somewhat agree","Strongly agree",4,4
51,"Spring 2023","prepost7_3","I believe engaging in science communication is necessary for me to feel successful.","Level of Agreement","Strongly disagree","Somewhat disagree","Neither agree nor disagree","Somewhat agree","Strongly agree",5,5
68,"Spring 2022","prepost7_3","I believe engaging in science communication is necessary for me to feel successful.","Level of Agreement","Strongly disagree","Somewhat disagree","Neither agree nor disagree","Somewhat agree","Strongly agree",5,4
106,"Fall 2022","prepost7_3","I believe engaging in science communication is necessary for me to feel successful.","Level of Agreement","Strongly disagree","Somewhat disagree","Neither agree nor disagree","Somewhat agree","Strongly agree",3,4
81,"Fall 2022","prepost7_3","I believe engaging in science communication is necessary for me to feel successful.","Level of Agreement","Strongly disagree","Somewhat disagree","Neither agree nor disagree","Somewhat agree","Strongly agree",4,4
33,"Spring 2023","prepost7_3","I believe engaging in science communication is necessary for me to feel successful.","Level of Agreement","Strongly disagree","Somewhat disagree","Neither agree nor disagree","Somewhat agree","Strongly agree",4,4
43,"Spring 2022","prepost7_3","I believe engaging in science communication is necessary for me to feel successful.","Level of Agreement","Strongly disagree","Somewhat disagree","Neither agree nor disagree","Somewhat agree","Strongly agree",4,4
44,"Spring 2022","prepost7_3","I believe engaging in science communication is necessary for me to feel successful.","Level of Agreement","Strongly disagree","Somewhat disagree","Neither agree nor disagree","Somewhat agree","Strongly agree",3,4
20,"Fall 2022","prepost7_3","I believe engaging in science communication is necessary for me to feel successful.","Level of Agreement","Strongly disagree","Somewhat disagree","Neither agree nor disagree","Somewhat agree","Strongly agree",3,2
85,"Spring 2022","prepost7_3","I believe engaging in science communication is necessary for me to feel successful.","Level of Agreement","Strongly disagree","Somewhat disagree","Neither agree nor disagree","Somewhat agree","Strongly agree",4,5
78,"Spring 2023","prepost7_3","I believe engaging in science communication is necessary for me to feel successful.","Level of Agreement","Strongly disagree","Somewhat disagree","Neither agree nor disagree","Somewhat agree","Strongly agree",5,5
36,"All","prepost7_3","I believe engaging in science communication is necessary for me to feel successful.","Level of Agreement","Strongly disagree","Somewhat disagree","Neither agree nor disagree","Somewhat agree","Strongly agree",4,3
36,"All","prepost7_3","I believe engaging in science communication is necessary for me to feel successful.","Level of Agreement","Strongly disagree","Somewhat disagree","Neither agree nor disagree","Somewhat agree","Strongly agree",4,5
36,"All","prepost7_3","I believe engaging in science communication is necessary for me to feel successful.","Level of Agreement","Strongly disagree","Somewhat disagree","Neither agree nor disagree","Somewhat agree","Strongly agree",4,3
71,"Spring 2022","prepost7_3","I believe engaging in science communication is necessary for me to feel successful.","Level of Agreement","Strongly disagree","Somewhat disagree","Neither agree nor disagree","Somewhat agree","Strongly agree",3,3
15,"Fall 2022","prepost7_3","I believe engaging in science communication is necessary for me to feel successful.","Level of Agreement","Strongly disagree","Somewhat disagree","Neither agree nor disagree","Somewhat agree","Strongly agree",5,5
65,"Spring 2022","prepost7_3","I believe engaging in science communication is necessary for me to feel successful.","Level of Agreement","Strongly disagree","Somewhat disagree","Neither agree nor disagree","Somewhat agree","Strongly agree",4,3
37,"Spring 2023","prepost7_3","I believe engaging in science communication is necessary for me to feel successful.","Level of Agreement","Strongly disagree","Somewhat disagree","Neither agree nor disagree","Somewhat agree","Strongly agree",4,3
35,"Spring 2023","prepost7_3","I believe engaging in science communication is necessary for me to feel successful.","Level of Agreement","Strongly disagree","Somewhat disagree","Neither agree nor disagree","Somewhat agree","Strongly agree",4,4
24,"Spring 2022","prepost7_3","I believe engaging in science communication is necessary for me to feel successful.","Level of Agreement","Strongly disagree","Somewhat disagree","Neither agree nor disagree","Somewhat agree","Strongly agree",2,2
74,"Spring 2022","prepost7_3","I believe engaging in science communication is necessary for me to feel successful.","Level of Agreement","Strongly disagree","Somewhat disagree","Neither agree nor disagree","Somewhat agree","Strongly agree",5,4
11,"Spring 2023","prepost7_3","I believe engaging in science communication is necessary for me to feel successful.","Level of Agreement","Strongly disagree","Somewhat disagree","Neither agree nor disagree","Somewhat agree","Strongly agree",4,2
14,"Fall 2022","prepost7_3","I believe engaging in science communication is necessary for me to feel successful.","Level of Agreement","Strongly disagree","Somewhat disagree","Neither agree nor disagree","Somewhat agree","Strongly agree",4,4
57,"Spring 2022","prepost7_3","I believe engaging in science communication is necessary for me to feel successful.","Level of Agreement","Strongly disagree","Somewhat disagree","Neither agree nor disagree","Somewhat agree","Strongly agree",2,2
108,"Spring 2023","prepost7_4","Engaging in science communication is not necessary to show I am competent.","Level of Agreement","Strongly disagree","Somewhat disagree","Neither agree nor disagree","Somewhat agree","Strongly agree",3,3
51,"Spring 2023","prepost7_4","Engaging in science communication is not necessary to show I am competent.","Level of Agreement","Strongly disagree","Somewhat disagree","Neither agree nor disagree","Somewhat agree","Strongly agree",2,5
55,"Spring 2022","prepost7_4","Engaging in science communication is not necessary to show I am competent.","Level of Agreement","Strongly disagree","Somewhat disagree","Neither agree nor disagree","Somewhat agree","Strongly agree",4,3
75,"Spring 2023","prepost7_4","Engaging in science communication is not necessary to show I am competent.","Level of Agreement","Strongly disagree","Somewhat disagree","Neither agree nor disagree","Somewhat agree","Strongly agree",4,3
81,"Fall 2022","prepost7_4","Engaging in science communication is not necessary to show I am competent.","Level of Agreement","Strongly disagree","Somewhat disagree","Neither agree nor disagree","Somewhat agree","Strongly agree",4,3
38,"Spring 2022","prepost7_4","Engaging in science communication is not necessary to show I am competent.","Level of Agreement","Strongly disagree","Somewhat disagree","Neither agree nor disagree","Somewhat agree","Strongly agree",2,4
2,"Spring 2023","prepost7_4","Engaging in science communication is not necessary to show I am competent.","Level of Agreement","Strongly disagree","Somewhat disagree","Neither agree nor disagree","Somewhat agree","Strongly agree",3,3
11,"Spring 2023","prepost7_4","Engaging in science communication is not necessary to show I am competent.","Level of Agreement","Strongly disagree","Somewhat disagree","Neither agree nor disagree","Somewhat agree","Strongly agree",4,4
1,"Spring 2022","prepost7_4","Engaging in science communication is not necessary to show I am competent.","Level of Agreement","Strongly disagree","Somewhat disagree","Neither agree nor disagree","Somewhat agree","Strongly agree",3,3
15,"Fall 2022","prepost7_4","Engaging in science communication is not necessary to show I am competent.","Level of Agreement","Strongly disagree","Somewhat disagree","Neither agree nor disagree","Somewhat agree","Strongly agree",2,3
52,"Spring 2023","prepost7_4","Engaging in science communication is not necessary to show I am competent.","Level of Agreement","Strongly disagree","Somewhat disagree","Neither agree nor disagree","Somewhat agree","Strongly agree",3,2
30,"Fall 2022","prepost7_4","Engaging in science communication is not necessary to show I am competent.","Level of Agreement","Strongly disagree","Somewhat disagree","Neither agree nor disagree","Somewhat agree","Strongly agree",2,4
65,"Spring 2022","prepost7_4","Engaging in science communication is not necessary to show I am competent.","Level of Agreement","Strongly disagree","Somewhat disagree","Neither agree nor disagree","Somewhat agree","Strongly agree",3,3
90,"Spring 2022","prepost7_4","Engaging in science communication is not necessary to show I am competent.","Level of Agreement","Strongly disagree","Somewhat disagree","Neither agree nor disagree","Somewhat agree","Strongly agree",1,1
37,"Spring 2023","prepost7_4","Engaging in science communication is not necessary to show I am competent.","Level of Agreement","Strongly disagree","Somewhat disagree","Neither agree nor disagree","Somewhat agree","Strongly agree",4,4
106,"Fall 2022","prepost7_4","Engaging in science communication is not necessary to show I am competent.","Level of Agreement","Strongly disagree","Somewhat disagree","Neither agree nor disagree","Somewhat agree","Strongly agree",4,4
53,"Spring 2022","prepost7_4","Engaging in science communication is not necessary to show I am competent.","Level of Agreement","Strongly disagree","Somewhat disagree","Neither agree nor disagree","Somewhat agree","Strongly agree",3,3
68,"Spring 2022","prepost7_4","Engaging in science communication is not necessary to show I am competent.","Level of Agreement","Strongly disagree","Somewhat disagree","Neither agree nor disagree","Somewhat agree","Strongly agree",2,2
33,"Spring 2023","prepost7_4","Engaging in science communication is not necessary to show I am competent.","Level of Agreement","Strongly disagree","Somewhat disagree","Neither agree nor disagree","Somewhat agree","Strongly agree",4,2
60,"Spring 2022","prepost7_4","Engaging in science communication is not necessary to show I am competent.","Level of Agreement","Strongly disagree","Somewhat disagree","Neither agree nor disagree","Somewhat agree","Strongly agree",1,2
36,"All","prepost7_4","Engaging in science communication is not necessary to show I am competent.","Level of Agreement","Strongly disagree","Somewhat disagree","Neither agree nor disagree","Somewhat agree","Strongly agree",5,2
36,"All","prepost7_4","Engaging in science communication is not necessary to show I am competent.","Level of Agreement","Strongly disagree","Somewhat disagree","Neither agree nor disagree","Somewhat agree","Strongly agree",5,5
36,"All","prepost7_4","Engaging in science communication is not necessary to show I am competent.","Level of Agreement","Strongly disagree","Somewhat disagree","Neither agree nor disagree","Somewhat agree","Strongly agree",5,3
43,"Spring 2022","prepost7_4","Engaging in science communication is not necessary to show I am competent.","Level of Agreement","Strongly disagree","Somewhat disagree","Neither agree nor disagree","Somewhat agree","Strongly agree",2,2
35,"Spring 2023","prepost7_4","Engaging in science communication is not necessary to show I am competent.","Level of Agreement","Strongly disagree","Somewhat disagree","Neither agree nor disagree","Somewhat agree","Strongly agree",2,3
5,"Spring 2022","prepost7_4","Engaging in science communication is not necessary to show I am competent.","Level of Agreement","Strongly disagree","Somewhat disagree","Neither agree nor disagree","Somewhat agree","Strongly agree",2,2
66,"Spring 2022","prepost7_4","Engaging in science communication is not necessary to show I am competent.","Level of Agreement","Strongly disagree","Somewhat disagree","Neither agree nor disagree","Somewhat agree","Strongly agree",3,2
85,"Spring 2022","prepost7_4","Engaging in science communication is not necessary to show I am competent.","Level of Agreement","Strongly disagree","Somewhat disagree","Neither agree nor disagree","Somewhat agree","Strongly agree",5,2
44,"Spring 2022","prepost7_4","Engaging in science communication is not necessary to show I am competent.","Level of Agreement","Strongly disagree","Somewhat disagree","Neither agree nor disagree","Somewhat agree","Strongly agree",3,4
34,"Spring 2023","prepost7_4","Engaging in science communication is not necessary to show I am competent.","Level of Agreement","Strongly disagree","Somewhat disagree","Neither agree nor disagree","Somewhat agree","Strongly agree",4,2
83,"Spring 2022","prepost7_4","Engaging in science communication is not necessary to show I am competent.","Level of Agreement","Strongly disagree","Somewhat disagree","Neither agree nor disagree","Somewhat agree","Strongly agree",3,4
36,"All","prepost7_4","Engaging in science communication is not necessary to show I am competent.","Level of Agreement","Strongly disagree","Somewhat disagree","Neither agree nor disagree","Somewhat agree","Strongly agree",4,3
36,"All","prepost7_4","Engaging in science communication is not necessary to show I am competent.","Level of Agreement","Strongly disagree","Somewhat disagree","Neither agree nor disagree","Somewhat agree","Strongly agree",4,5
41,"Fall 2022","prepost7_4","Engaging in science communication is not necessary to show I am competent.","Level of Agreement","Strongly disagree","Somewhat disagree","Neither agree nor disagree","Somewhat agree","Strongly agree",2,5
20,"Fall 2022","prepost7_4","Engaging in science communication is not necessary to show I am competent.","Level of Agreement","Strongly disagree","Somewhat disagree","Neither agree nor disagree","Somewhat agree","Strongly agree",3,3
86,"Spring 2023","prepost7_4","Engaging in science communication is not necessary to show I am competent.","Level of Agreement","Strongly disagree","Somewhat disagree","Neither agree nor disagree","Somewhat agree","Strongly agree",2,4
78,"Spring 2023","prepost7_4","Engaging in science communication is not necessary to show I am competent.","Level of Agreement","Strongly disagree","Somewhat disagree","Neither agree nor disagree","Somewhat agree","Strongly agree",3,4
64,"Spring 2023","prepost7_4","Engaging in science communication is not necessary to show I am competent.","Level of Agreement","Strongly disagree","Somewhat disagree","Neither agree nor disagree","Somewhat agree","Strongly agree",4,4
88,"Spring 2023","prepost7_4","Engaging in science communication is not necessary to show I am competent.","Level of Agreement","Strongly disagree","Somewhat disagree","Neither agree nor disagree","Somewhat agree","Strongly agree",2,3
36,"All","prepost7_4","Engaging in science communication is not necessary to show I am competent.","Level of Agreement","Strongly disagree","Somewhat disagree","Neither agree nor disagree","Somewhat agree","Strongly agree",4,2
82,"Fall 2022","prepost7_4","Engaging in science communication is not necessary to show I am competent.","Level of Agreement","Strongly disagree","Somewhat disagree","Neither agree nor disagree","Somewhat agree","Strongly agree",2,3
103,"Spring 2022","prepost7_4","Engaging in science communication is not necessary to show I am competent.","Level of Agreement","Strongly disagree","Somewhat disagree","Neither agree nor disagree","Somewhat agree","Strongly agree",3,3
61,"Spring 2022","prepost7_4","Engaging in science communication is not necessary to show I am competent.","Level of Agreement","Strongly disagree","Somewhat disagree","Neither agree nor disagree","Somewhat agree","Strongly agree",5,4
96,"Spring 2022","prepost7_4","Engaging in science communication is not necessary to show I am competent.","Level of Agreement","Strongly disagree","Somewhat disagree","Neither agree nor disagree","Somewhat agree","Strongly agree",4,4
84,"Spring 2023","prepost7_4","Engaging in science communication is not necessary to show I am competent.","Level of Agreement","Strongly disagree","Somewhat disagree","Neither agree nor disagree","Somewhat agree","Strongly agree",4,4
71,"Spring 2022","prepost7_4","Engaging in science communication is not necessary to show I am competent.","Level of Agreement","Strongly disagree","Somewhat disagree","Neither agree nor disagree","Somewhat agree","Strongly agree",3,4
47,"Spring 2022","prepost7_4","Engaging in science communication is not necessary to show I am competent.","Level of Agreement","Strongly disagree","Somewhat disagree","Neither agree nor disagree","Somewhat agree","Strongly agree",2,4
54,"Spring 2022","prepost7_4","Engaging in science communication is not necessary to show I am competent.","Level of Agreement","Strongly disagree","Somewhat disagree","Neither agree nor disagree","Somewhat agree","Strongly agree",2,3
48,"Spring 2022","prepost7_4","Engaging in science communication is not necessary to show I am competent.","Level of Agreement","Strongly disagree","Somewhat disagree","Neither agree nor disagree","Somewhat agree","Strongly agree",3,3
57,"Spring 2022","prepost7_4","Engaging in science communication is not necessary to show I am competent.","Level of Agreement","Strongly disagree","Somewhat disagree","Neither agree nor disagree","Somewhat agree","Strongly agree",4,5
4,"Spring 2023","prepost7_4","Engaging in science communication is not necessary to show I am competent.","Level of Agreement","Strongly disagree","Somewhat disagree","Neither agree nor disagree","Somewhat agree","Strongly agree",3,2
31,"Spring 2022","prepost7_4","Engaging in science communication is not necessary to show I am competent.","Level of Agreement","Strongly disagree","Somewhat disagree","Neither agree nor disagree","Somewhat agree","Strongly agree",4,4
14,"Fall 2022","prepost7_4","Engaging in science communication is not necessary to show I am competent.","Level of Agreement","Strongly disagree","Somewhat disagree","Neither agree nor disagree","Somewhat agree","Strongly agree",3,3
21,"Fall 2022","prepost7_4","Engaging in science communication is not necessary to show I am competent.","Level of Agreement","Strongly disagree","Somewhat disagree","Neither agree nor disagree","Somewhat agree","Strongly agree",4,4
36,"All","prepost7_4","Engaging in science communication is not necessary to show I am competent.","Level of Agreement","Strongly disagree","Somewhat disagree","Neither agree nor disagree","Somewhat agree","Strongly agree",2,2
67,"Fall 2022","prepost7_4","Engaging in science communication is not necessary to show I am competent.","Level of Agreement","Strongly disagree","Somewhat disagree","Neither agree nor disagree","Somewhat agree","Strongly agree",2,2
89,"Spring 2023","prepost7_4","Engaging in science communication is not necessary to show I am competent.","Level of Agreement","Strongly disagree","Somewhat disagree","Neither agree nor disagree","Somewhat agree","Strongly agree",2,2
26,"Spring 2022","prepost7_4","Engaging in science communication is not necessary to show I am competent.","Level of Agreement","Strongly disagree","Somewhat disagree","Neither agree nor disagree","Somewhat agree","Strongly agree",2,3
72,"Spring 2023","prepost7_4","Engaging in science communication is not necessary to show I am competent.","Level of Agreement","Strongly disagree","Somewhat disagree","Neither agree nor disagree","Somewhat agree","Strongly agree",3,3
36,"All","prepost7_4","Engaging in science communication is not necessary to show I am competent.","Level of Agreement","Strongly disagree","Somewhat disagree","Neither agree nor disagree","Somewhat agree","Strongly agree",2,5
63,"Spring 2023","prepost7_4","Engaging in science communication is not necessary to show I am competent.","Level of Agreement","Strongly disagree","Somewhat disagree","Neither agree nor disagree","Somewhat agree","Strongly agree",3,3
46,"Spring 2023","prepost7_4","Engaging in science communication is not necessary to show I am competent.","Level of Agreement","Strongly disagree","Somewhat disagree","Neither agree nor disagree","Somewhat agree","Strongly agree",3,3
28,"Spring 2023","prepost7_4","Engaging in science communication is not necessary to show I am competent.","Level of Agreement","Strongly disagree","Somewhat disagree","Neither agree nor disagree","Somewhat agree","Strongly agree",2,3
36,"All","prepost7_4","Engaging in science communication is not necessary to show I am competent.","Level of Agreement","Strongly disagree","Somewhat disagree","Neither agree nor disagree","Somewhat agree","Strongly agree",2,3
87,"Spring 2022","prepost7_4","Engaging in science communication is not necessary to show I am competent.","Level of Agreement","Strongly disagree","Somewhat disagree","Neither agree nor disagree","Somewhat agree","Strongly agree",3,3
23,"Spring 2023","prepost7_4","Engaging in science communication is not necessary to show I am competent.","Level of Agreement","Strongly disagree","Somewhat disagree","Neither agree nor disagree","Somewhat agree","Strongly agree",3,3
32,"Spring 2022","prepost7_4","Engaging in science communication is not necessary to show I am competent.","Level of Agreement","Strongly disagree","Somewhat disagree","Neither agree nor disagree","Somewhat agree","Strongly agree",3,3
45,"Spring 2022","prepost7_4","Engaging in science communication is not necessary to show I am competent.","Level of Agreement","Strongly disagree","Somewhat disagree","Neither agree nor disagree","Somewhat agree","Strongly agree",3,4
74,"Spring 2022","prepost7_4","Engaging in science communication is not necessary to show I am competent.","Level of Agreement","Strongly disagree","Somewhat disagree","Neither agree nor disagree","Somewhat agree","Strongly agree",3,5
73,"Spring 2022","prepost7_4","Engaging in science communication is not necessary to show I am competent.","Level of Agreement","Strongly disagree","Somewhat disagree","Neither agree nor disagree","Somewhat agree","Strongly agree",2,3
58,"Spring 2022","prepost7_4","Engaging in science communication is not necessary to show I am competent.","Level of Agreement","Strongly disagree","Somewhat disagree","Neither agree nor disagree","Somewhat agree","Strongly agree",2,1
49,"Spring 2022","prepost7_4","Engaging in science communication is not necessary to show I am competent.","Level of Agreement","Strongly disagree","Somewhat disagree","Neither agree nor disagree","Somewhat agree","Strongly agree",4,4
25,"Fall 2022","prepost7_4","Engaging in science communication is not necessary to show I am competent.","Level of Agreement","Strongly disagree","Somewhat disagree","Neither agree nor disagree","Somewhat agree","Strongly agree",2,1
24,"Spring 2022","prepost7_4","Engaging in science communication is not necessary to show I am competent.","Level of Agreement","Strongly disagree","Somewhat disagree","Neither agree nor disagree","Somewhat agree","Strongly agree",4,4
6,"Spring 2023","prepost7_4","Engaging in science communication is not necessary to show I am competent.","Level of Agreement","Strongly disagree","Somewhat disagree","Neither agree nor disagree","Somewhat agree","Strongly agree",3,2
40,"Spring 2022","prepost7_4","Engaging in science communication is not necessary to show I am competent.","Level of Agreement","Strongly disagree","Somewhat disagree","Neither agree nor disagree","Somewhat agree","Strongly agree",5,2
81,"Fall 2022","prepost7_5","I value the prestige associated with being a top science communicator.","Level of Agreement","Strongly disagree","Somewhat disagree","Neither agree nor disagree","Somewhat agree","Strongly agree",3,3
32,"Spring 2022","prepost7_5","I value the prestige associated with being a top science communicator.","Level of Agreement","Strongly disagree","Somewhat disagree","Neither agree nor disagree","Somewhat agree","Strongly agree",4,3
30,"Fall 2022","prepost7_5","I value the prestige associated with being a top science communicator.","Level of Agreement","Strongly disagree","Somewhat disagree","Neither agree nor disagree","Somewhat agree","Strongly agree",4,4
61,"Spring 2022","prepost7_5","I value the prestige associated with being a top science communicator.","Level of Agreement","Strongly disagree","Somewhat disagree","Neither agree nor disagree","Somewhat agree","Strongly agree",4,5
36,"All","prepost7_5","I value the prestige associated with being a top science communicator.","Level of Agreement","Strongly disagree","Somewhat disagree","Neither agree nor disagree","Somewhat agree","Strongly agree",5,5
36,"All","prepost7_5","I value the prestige associated with being a top science communicator.","Level of Agreement","Strongly disagree","Somewhat disagree","Neither agree nor disagree","Somewhat agree","Strongly agree",5,5
36,"All","prepost7_5","I value the prestige associated with being a top science communicator.","Level of Agreement","Strongly disagree","Somewhat disagree","Neither agree nor disagree","Somewhat agree","Strongly agree",5,5
55,"Spring 2022","prepost7_5","I value the prestige associated with being a top science communicator.","Level of Agreement","Strongly disagree","Somewhat disagree","Neither agree nor disagree","Somewhat agree","Strongly agree",2,4
87,"Spring 2022","prepost7_5","I value the prestige associated with being a top science communicator.","Level of Agreement","Strongly disagree","Somewhat disagree","Neither agree nor disagree","Somewhat agree","Strongly agree",3,3
21,"Fall 2022","prepost7_5","I value the prestige associated with being a top science communicator.","Level of Agreement","Strongly disagree","Somewhat disagree","Neither agree nor disagree","Somewhat agree","Strongly agree",3,3
54,"Spring 2022","prepost7_5","I value the prestige associated with being a top science communicator.","Level of Agreement","Strongly disagree","Somewhat disagree","Neither agree nor disagree","Somewhat agree","Strongly agree",3,3
89,"Spring 2023","prepost7_5","I value the prestige associated with being a top science communicator.","Level of Agreement","Strongly disagree","Somewhat disagree","Neither agree nor disagree","Somewhat agree","Strongly agree",5,4
82,"Fall 2022","prepost7_5","I value the prestige associated with being a top science communicator.","Level of Agreement","Strongly disagree","Somewhat disagree","Neither agree nor disagree","Somewhat agree","Strongly agree",4,3
48,"Spring 2022","prepost7_5","I value the prestige associated with being a top science communicator.","Level of Agreement","Strongly disagree","Somewhat disagree","Neither agree nor disagree","Somewhat agree","Strongly agree",4,4
67,"Fall 2022","prepost7_5","I value the prestige associated with being a top science communicator.","Level of Agreement","Strongly disagree","Somewhat disagree","Neither agree nor disagree","Somewhat agree","Strongly agree",4,5
45,"Spring 2022","prepost7_5","I value the prestige associated with being a top science communicator.","Level of Agreement","Strongly disagree","Somewhat disagree","Neither agree nor disagree","Somewhat agree","Strongly agree",4,3
25,"Fall 2022","prepost7_5","I value the prestige associated with being a top science communicator.","Level of Agreement","Strongly disagree","Somewhat disagree","Neither agree nor disagree","Somewhat agree","Strongly agree",4,5
43,"Spring 2022","prepost7_5","I value the prestige associated with being a top science communicator.","Level of Agreement","Strongly disagree","Somewhat disagree","Neither agree nor disagree","Somewhat agree","Strongly agree",4,4
106,"Fall 2022","prepost7_5","I value the prestige associated with being a top science communicator.","Level of Agreement","Strongly disagree","Somewhat disagree","Neither agree nor disagree","Somewhat agree","Strongly agree",3,3
44,"Spring 2022","prepost7_5","I value the prestige associated with being a top science communicator.","Level of Agreement","Strongly disagree","Somewhat disagree","Neither agree nor disagree","Somewhat agree","Strongly agree",4,4
20,"Fall 2022","prepost7_5","I value the prestige associated with being a top science communicator.","Level of Agreement","Strongly disagree","Somewhat disagree","Neither agree nor disagree","Somewhat agree","Strongly agree",2,3
24,"Spring 2022","prepost7_5","I value the prestige associated with being a top science communicator.","Level of Agreement","Strongly disagree","Somewhat disagree","Neither agree nor disagree","Somewhat agree","Strongly agree",3,3
15,"Fall 2022","prepost7_5","I value the prestige associated with being a top science communicator.","Level of Agreement","Strongly disagree","Somewhat disagree","Neither agree nor disagree","Somewhat agree","Strongly agree",4,4
14,"Fall 2022","prepost7_5","I value the prestige associated with being a top science communicator.","Level of Agreement","Strongly disagree","Somewhat disagree","Neither agree nor disagree","Somewhat agree","Strongly agree",4,5
53,"Spring 2022","prepost7_5","I value the prestige associated with being a top science communicator.","Level of Agreement","Strongly disagree","Somewhat disagree","Neither agree nor disagree","Somewhat agree","Strongly agree",4,3
41,"Fall 2022","prepost7_5","I value the prestige associated with being a top science communicator.","Level of Agreement","Strongly disagree","Somewhat disagree","Neither agree nor disagree","Somewhat agree","Strongly agree",4,4
40,"Spring 2022","prepost7_5","I value the prestige associated with being a top science communicator.","Level of Agreement","Strongly disagree","Somewhat disagree","Neither agree nor disagree","Somewhat agree","Strongly agree",5,5
75,"Spring 2023","prepost7_5","I value the prestige associated with being a top science communicator.","Level of Agreement","Strongly disagree","Somewhat disagree","Neither agree nor disagree","Somewhat agree","Strongly agree",4,4
60,"Spring 2022","prepost7_5","I value the prestige associated with being a top science communicator.","Level of Agreement","Strongly disagree","Somewhat disagree","Neither agree nor disagree","Somewhat agree","Strongly agree",4,2
64,"Spring 2023","prepost7_5","I value the prestige associated with being a top science communicator.","Level of Agreement","Strongly disagree","Somewhat disagree","Neither agree nor disagree","Somewhat agree","Strongly agree",4,3
71,"Spring 2022","prepost7_5","I value the prestige associated with being a top science communicator.","Level of Agreement","Strongly disagree","Somewhat disagree","Neither agree nor disagree","Somewhat agree","Strongly agree",2,3
86,"Spring 2023","prepost7_5","I value the prestige associated with being a top science communicator.","Level of Agreement","Strongly disagree","Somewhat disagree","Neither agree nor disagree","Somewhat agree","Strongly agree",4,4
11,"Spring 2023","prepost7_5","I value the prestige associated with being a top science communicator.","Level of Agreement","Strongly disagree","Somewhat disagree","Neither agree nor disagree","Somewhat agree","Strongly agree",5,4
74,"Spring 2022","prepost7_5","I value the prestige associated with being a top science communicator.","Level of Agreement","Strongly disagree","Somewhat disagree","Neither agree nor disagree","Somewhat agree","Strongly agree",3,3
35,"Spring 2023","prepost7_5","I value the prestige associated with being a top science communicator.","Level of Agreement","Strongly disagree","Somewhat disagree","Neither agree nor disagree","Somewhat agree","Strongly agree",3,3
37,"Spring 2023","prepost7_5","I value the prestige associated with being a top science communicator.","Level of Agreement","Strongly disagree","Somewhat disagree","Neither agree nor disagree","Somewhat agree","Strongly agree",5,5
36,"All","prepost7_5","I value the prestige associated with being a top science communicator.","Level of Agreement","Strongly disagree","Somewhat disagree","Neither agree nor disagree","Somewhat agree","Strongly agree",5,5
23,"Spring 2023","prepost7_5","I value the prestige associated with being a top science communicator.","Level of Agreement","Strongly disagree","Somewhat disagree","Neither agree nor disagree","Somewhat agree","Strongly agree",5,5
36,"All","prepost7_5","I value the prestige associated with being a top science communicator.","Level of Agreement","Strongly disagree","Somewhat disagree","Neither agree nor disagree","Somewhat agree","Strongly agree",5,5
36,"All","prepost7_5","I value the prestige associated with being a top science communicator.","Level of Agreement","Strongly disagree","Somewhat disagree","Neither agree nor disagree","Somewhat agree","Strongly agree",5,5
78,"Spring 2023","prepost7_5","I value the prestige associated with being a top science communicator.","Level of Agreement","Strongly disagree","Somewhat disagree","Neither agree nor disagree","Somewhat agree","Strongly agree",4,5
33,"Spring 2023","prepost7_5","I value the prestige associated with being a top science communicator.","Level of Agreement","Strongly disagree","Somewhat disagree","Neither agree nor disagree","Somewhat agree","Strongly agree",3,3
68,"Spring 2022","prepost7_5","I value the prestige associated with being a top science communicator.","Level of Agreement","Strongly disagree","Somewhat disagree","Neither agree nor disagree","Somewhat agree","Strongly agree",4,4
2,"Spring 2023","prepost7_5","I value the prestige associated with being a top science communicator.","Level of Agreement","Strongly disagree","Somewhat disagree","Neither agree nor disagree","Somewhat agree","Strongly agree",3,4
38,"Spring 2022","prepost7_5","I value the prestige associated with being a top science communicator.","Level of Agreement","Strongly disagree","Somewhat disagree","Neither agree nor disagree","Somewhat agree","Strongly agree",3,2
6,"Spring 2023","prepost7_5","I value the prestige associated with being a top science communicator.","Level of Agreement","Strongly disagree","Somewhat disagree","Neither agree nor disagree","Somewhat agree","Strongly agree",4,5
73,"Spring 2022","prepost7_5","I value the prestige associated with being a top science communicator.","Level of Agreement","Strongly disagree","Somewhat disagree","Neither agree nor disagree","Somewhat agree","Strongly agree",2,4
51,"Spring 2023","prepost7_5","I value the prestige associated with being a top science communicator.","Level of Agreement","Strongly disagree","Somewhat disagree","Neither agree nor disagree","Somewhat agree","Strongly agree",5,5
28,"Spring 2023","prepost7_5","I value the prestige associated with being a top science communicator.","Level of Agreement","Strongly disagree","Somewhat disagree","Neither agree nor disagree","Somewhat agree","Strongly agree",4,4
26,"Spring 2022","prepost7_5","I value the prestige associated with being a top science communicator.","Level of Agreement","Strongly disagree","Somewhat disagree","Neither agree nor disagree","Somewhat agree","Strongly agree",3,2
72,"Spring 2023","prepost7_5","I value the prestige associated with being a top science communicator.","Level of Agreement","Strongly disagree","Somewhat disagree","Neither agree nor disagree","Somewhat agree","Strongly agree",4,4
84,"Spring 2023","prepost7_5","I value the prestige associated with being a top science communicator.","Level of Agreement","Strongly disagree","Somewhat disagree","Neither agree nor disagree","Somewhat agree","Strongly agree",4,4
96,"Spring 2022","prepost7_5","I value the prestige associated with being a top science communicator.","Level of Agreement","Strongly disagree","Somewhat disagree","Neither agree nor disagree","Somewhat agree","Strongly agree",2,4
88,"Spring 2023","prepost7_5","I value the prestige associated with being a top science communicator.","Level of Agreement","Strongly disagree","Somewhat disagree","Neither agree nor disagree","Somewhat agree","Strongly agree",4,4
47,"Spring 2022","prepost7_5","I value the prestige associated with being a top science communicator.","Level of Agreement","Strongly disagree","Somewhat disagree","Neither agree nor disagree","Somewhat agree","Strongly agree",3,3
4,"Spring 2023","prepost7_5","I value the prestige associated with being a top science communicator.","Level of Agreement","Strongly disagree","Somewhat disagree","Neither agree nor disagree","Somewhat agree","Strongly agree",4,4
31,"Spring 2022","prepost7_5","I value the prestige associated with being a top science communicator.","Level of Agreement","Strongly disagree","Somewhat disagree","Neither agree nor disagree","Somewhat agree","Strongly agree",3,4
63,"Spring 2023","prepost7_5","I value the prestige associated with being a top science communicator.","Level of Agreement","Strongly disagree","Somewhat disagree","Neither agree nor disagree","Somewhat agree","Strongly agree",3,4
58,"Spring 2022","prepost7_5","I value the prestige associated with being a top science communicator.","Level of Agreement","Strongly disagree","Somewhat disagree","Neither agree nor disagree","Somewhat agree","Strongly agree",4,4
46,"Spring 2023","prepost7_5","I value the prestige associated with being a top science communicator.","Level of Agreement","Strongly disagree","Somewhat disagree","Neither agree nor disagree","Somewhat agree","Strongly agree",4,4
108,"Spring 2023","prepost7_5","I value the prestige associated with being a top science communicator.","Level of Agreement","Strongly disagree","Somewhat disagree","Neither agree nor disagree","Somewhat agree","Strongly agree",4,4
1,"Spring 2022","prepost7_5","I value the prestige associated with being a top science communicator.","Level of Agreement","Strongly disagree","Somewhat disagree","Neither agree nor disagree","Somewhat agree","Strongly agree",3,4
52,"Spring 2023","prepost7_5","I value the prestige associated with being a top science communicator.","Level of Agreement","Strongly disagree","Somewhat disagree","Neither agree nor disagree","Somewhat agree","Strongly agree",3,3
90,"Spring 2022","prepost7_5","I value the prestige associated with being a top science communicator.","Level of Agreement","Strongly disagree","Somewhat disagree","Neither agree nor disagree","Somewhat agree","Strongly agree",5,5
49,"Spring 2022","prepost7_5","I value the prestige associated with being a top science communicator.","Level of Agreement","Strongly disagree","Somewhat disagree","Neither agree nor disagree","Somewhat agree","Strongly agree",3,2
36,"All","prepost7_5","I value the prestige associated with being a top science communicator.","Level of Agreement","Strongly disagree","Somewhat disagree","Neither agree nor disagree","Somewhat agree","Strongly agree",5,5
36,"All","prepost7_5","I value the prestige associated with being a top science communicator.","Level of Agreement","Strongly disagree","Somewhat disagree","Neither agree nor disagree","Somewhat agree","Strongly agree",5,5
36,"All","prepost7_5","I value the prestige associated with being a top science communicator.","Level of Agreement","Strongly disagree","Somewhat disagree","Neither agree nor disagree","Somewhat agree","Strongly agree",5,5
5,"Spring 2022","prepost7_5","I value the prestige associated with being a top science communicator.","Level of Agreement","Strongly disagree","Somewhat disagree","Neither agree nor disagree","Somewhat agree","Strongly agree",5,4
66,"Spring 2022","prepost7_5","I value the prestige associated with being a top science communicator.","Level of Agreement","Strongly disagree","Somewhat disagree","Neither agree nor disagree","Somewhat agree","Strongly agree",2,3
34,"Spring 2023","prepost7_5","I value the prestige associated with being a top science communicator.","Level of Agreement","Strongly disagree","Somewhat disagree","Neither agree nor disagree","Somewhat agree","Strongly agree",2,3
65,"Spring 2022","prepost7_5","I value the prestige associated with being a top science communicator.","Level of Agreement","Strongly disagree","Somewhat disagree","Neither agree nor disagree","Somewhat agree","Strongly agree",4,3
85,"Spring 2022","prepost7_5","I value the prestige associated with being a top science communicator.","Level of Agreement","Strongly disagree","Somewhat disagree","Neither agree nor disagree","Somewhat agree","Strongly agree",5,4
83,"Spring 2022","prepost7_5","I value the prestige associated with being a top science communicator.","Level of Agreement","Strongly disagree","Somewhat disagree","Neither agree nor disagree","Somewhat agree","Strongly agree",3,3
103,"Spring 2022","prepost7_5","I value the prestige associated with being a top science communicator.","Level of Agreement","Strongly disagree","Somewhat disagree","Neither agree nor disagree","Somewhat agree","Strongly agree",4,4
14,"Fall 2022","prepost7_6","I do not need to prove myself by participating in science communication.","Level of Agreement","Strongly disagree","Somewhat disagree","Neither agree nor disagree","Somewhat agree","Strongly agree",3,3
45,"Spring 2022","prepost7_6","I do not need to prove myself by participating in science communication.","Level of Agreement","Strongly disagree","Somewhat disagree","Neither agree nor disagree","Somewhat agree","Strongly agree",2,4
73,"Spring 2022","prepost7_6","I do not need to prove myself by participating in science communication.","Level of Agreement","Strongly disagree","Somewhat disagree","Neither agree nor disagree","Somewhat agree","Strongly agree",2,4
6,"Spring 2023","prepost7_6","I do not need to prove myself by participating in science communication.","Level of Agreement","Strongly disagree","Somewhat disagree","Neither agree nor disagree","Somewhat agree","Strongly agree",3,3
25,"Fall 2022","prepost7_6","I do not need to prove myself by participating in science communication.","Level of Agreement","Strongly disagree","Somewhat disagree","Neither agree nor disagree","Somewhat agree","Strongly agree",3,2
34,"Spring 2023","prepost7_6","I do not need to prove myself by participating in science communication.","Level of Agreement","Strongly disagree","Somewhat disagree","Neither agree nor disagree","Somewhat agree","Strongly agree",4,3
38,"Spring 2022","prepost7_6","I do not need to prove myself by participating in science communication.","Level of Agreement","Strongly disagree","Somewhat disagree","Neither agree nor disagree","Somewhat agree","Strongly agree",4,4
2,"Spring 2023","prepost7_6","I do not need to prove myself by participating in science communication.","Level of Agreement","Strongly disagree","Somewhat disagree","Neither agree nor disagree","Somewhat agree","Strongly agree",3,3
43,"Spring 2022","prepost7_6","I do not need to prove myself by participating in science communication.","Level of Agreement","Strongly disagree","Somewhat disagree","Neither agree nor disagree","Somewhat agree","Strongly agree",3,2
106,"Fall 2022","prepost7_6","I do not need to prove myself by participating in science communication.","Level of Agreement","Strongly disagree","Somewhat disagree","Neither agree nor disagree","Somewhat agree","Strongly agree",4,4
68,"Spring 2022","prepost7_6","I do not need to prove myself by participating in science communication.","Level of Agreement","Strongly disagree","Somewhat disagree","Neither agree nor disagree","Somewhat agree","Strongly agree",2,3
33,"Spring 2023","prepost7_6","I do not need to prove myself by participating in science communication.","Level of Agreement","Strongly disagree","Somewhat disagree","Neither agree nor disagree","Somewhat agree","Strongly agree",3,2
44,"Spring 2022","prepost7_6","I do not need to prove myself by participating in science communication.","Level of Agreement","Strongly disagree","Somewhat disagree","Neither agree nor disagree","Somewhat agree","Strongly agree",4,4
78,"Spring 2023","prepost7_6","I do not need to prove myself by participating in science communication.","Level of Agreement","Strongly disagree","Somewhat disagree","Neither agree nor disagree","Somewhat agree","Strongly agree",4,4
20,"Fall 2022","prepost7_6","I do not need to prove myself by participating in science communication.","Level of Agreement","Strongly disagree","Somewhat disagree","Neither agree nor disagree","Somewhat agree","Strongly agree",3,3
53,"Spring 2022","prepost7_6","I do not need to prove myself by participating in science communication.","Level of Agreement","Strongly disagree","Somewhat disagree","Neither agree nor disagree","Somewhat agree","Strongly agree",3,3
64,"Spring 2023","prepost7_6","I do not need to prove myself by participating in science communication.","Level of Agreement","Strongly disagree","Somewhat disagree","Neither agree nor disagree","Somewhat agree","Strongly agree",4,4
61,"Spring 2022","prepost7_6","I do not need to prove myself by participating in science communication.","Level of Agreement","Strongly disagree","Somewhat disagree","Neither agree nor disagree","Somewhat agree","Strongly agree",4,4
11,"Spring 2023","prepost7_6","I do not need to prove myself by participating in science communication.","Level of Agreement","Strongly disagree","Somewhat disagree","Neither agree nor disagree","Somewhat agree","Strongly agree",4,4
65,"Spring 2022","prepost7_6","I do not need to prove myself by participating in science communication.","Level of Agreement","Strongly disagree","Somewhat disagree","Neither agree nor disagree","Somewhat agree","Strongly agree",4,3
36,"All","prepost7_6","I do not need to prove myself by participating in science communication.","Level of Agreement","Strongly disagree","Somewhat disagree","Neither agree nor disagree","Somewhat agree","Strongly agree",4,4
36,"All","prepost7_6","I do not need to prove myself by participating in science communication.","Level of Agreement","Strongly disagree","Somewhat disagree","Neither agree nor disagree","Somewhat agree","Strongly agree",4,5
66,"Spring 2022","prepost7_6","I do not need to prove myself by participating in science communication.","Level of Agreement","Strongly disagree","Somewhat disagree","Neither agree nor disagree","Somewhat agree","Strongly agree",3,3
36,"All","prepost7_6","I do not need to prove myself by participating in science communication.","Level of Agreement","Strongly disagree","Somewhat disagree","Neither agree nor disagree","Somewhat agree","Strongly agree",4,3
5,"Spring 2022","prepost7_6","I do not need to prove myself by participating in science communication.","Level of Agreement","Strongly disagree","Somewhat disagree","Neither agree nor disagree","Somewhat agree","Strongly agree",2,3
36,"All","prepost7_6","I do not need to prove myself by participating in science communication.","Level of Agreement","Strongly disagree","Somewhat disagree","Neither agree nor disagree","Somewhat agree","Strongly agree",5,3
36,"All","prepost7_6","I do not need to prove myself by participating in science communication.","Level of Agreement","Strongly disagree","Somewhat disagree","Neither agree nor disagree","Somewhat agree","Strongly agree",5,5
36,"All","prepost7_6","I do not need to prove myself by participating in science communication.","Level of Agreement","Strongly disagree","Somewhat disagree","Neither agree nor disagree","Somewhat agree","Strongly agree",5,4
49,"Spring 2022","prepost7_6","I do not need to prove myself by participating in science communication.","Level of Agreement","Strongly disagree","Somewhat disagree","Neither agree nor disagree","Somewhat agree","Strongly agree",4,4
90,"Spring 2022","prepost7_6","I do not need to prove myself by participating in science communication.","Level of Agreement","Strongly disagree","Somewhat disagree","Neither agree nor disagree","Somewhat agree","Strongly agree",1,1
52,"Spring 2023","prepost7_6","I do not need to prove myself by participating in science communication.","Level of Agreement","Strongly disagree","Somewhat disagree","Neither agree nor disagree","Somewhat agree","Strongly agree",3,2
32,"Spring 2022","prepost7_6","I do not need to prove myself by participating in science communication.","Level of Agreement","Strongly disagree","Somewhat disagree","Neither agree nor disagree","Somewhat agree","Strongly agree",4,2
55,"Spring 2022","prepost7_6","I do not need to prove myself by participating in science communication.","Level of Agreement","Strongly disagree","Somewhat disagree","Neither agree nor disagree","Somewhat agree","Strongly agree",2,3
1,"Spring 2022","prepost7_6","I do not need to prove myself by participating in science communication.","Level of Agreement","Strongly disagree","Somewhat disagree","Neither agree nor disagree","Somewhat agree","Strongly agree",3,3
108,"Spring 2023","prepost7_6","I do not need to prove myself by participating in science communication.","Level of Agreement","Strongly disagree","Somewhat disagree","Neither agree nor disagree","Somewhat agree","Strongly agree",4,3
57,"Spring 2022","prepost7_6","I do not need to prove myself by participating in science communication.","Level of Agreement","Strongly disagree","Somewhat disagree","Neither agree nor disagree","Somewhat agree","Strongly agree",4,4
35,"Spring 2023","prepost7_6","I do not need to prove myself by participating in science communication.","Level of Agreement","Strongly disagree","Somewhat disagree","Neither agree nor disagree","Somewhat agree","Strongly agree",2,2
86,"Spring 2023","prepost7_6","I do not need to prove myself by participating in science communication.","Level of Agreement","Strongly disagree","Somewhat disagree","Neither agree nor disagree","Somewhat agree","Strongly agree",3,3
87,"Spring 2022","prepost7_6","I do not need to prove myself by participating in science communication.","Level of Agreement","Strongly disagree","Somewhat disagree","Neither agree nor disagree","Somewhat agree","Strongly agree",4,4
46,"Spring 2023","prepost7_6","I do not need to prove myself by participating in science communication.","Level of Agreement","Strongly disagree","Somewhat disagree","Neither agree nor disagree","Somewhat agree","Strongly agree",3,1
58,"Spring 2022","prepost7_6","I do not need to prove myself by participating in science communication.","Level of Agreement","Strongly disagree","Somewhat disagree","Neither agree nor disagree","Somewhat agree","Strongly agree",2,4
63,"Spring 2023","prepost7_6","I do not need to prove myself by participating in science communication.","Level of Agreement","Strongly disagree","Somewhat disagree","Neither agree nor disagree","Somewhat agree","Strongly agree",3,3
21,"Fall 2022","prepost7_6","I do not need to prove myself by participating in science communication.","Level of Agreement","Strongly disagree","Somewhat disagree","Neither agree nor disagree","Somewhat agree","Strongly agree",4,4
103,"Spring 2022","prepost7_6","I do not need to prove myself by participating in science communication.","Level of Agreement","Strongly disagree","Somewhat disagree","Neither agree nor disagree","Somewhat agree","Strongly agree",2,3
31,"Spring 2022","prepost7_6","I do not need to prove myself by participating in science communication.","Level of Agreement","Strongly disagree","Somewhat disagree","Neither agree nor disagree","Somewhat agree","Strongly agree",3,3
4,"Spring 2023","prepost7_6","I do not need to prove myself by participating in science communication.","Level of Agreement","Strongly disagree","Somewhat disagree","Neither agree nor disagree","Somewhat agree","Strongly agree",2,2
81,"Fall 2022","prepost7_6","I do not need to prove myself by participating in science communication.","Level of Agreement","Strongly disagree","Somewhat disagree","Neither agree nor disagree","Somewhat agree","Strongly agree",3,3
54,"Spring 2022","prepost7_6","I do not need to prove myself by participating in science communication.","Level of Agreement","Strongly disagree","Somewhat disagree","Neither agree nor disagree","Somewhat agree","Strongly agree",3,3
47,"Spring 2022","prepost7_6","I do not need to prove myself by participating in science communication.","Level of Agreement","Strongly disagree","Somewhat disagree","Neither agree nor disagree","Somewhat agree","Strongly agree",2,3
88,"Spring 2023","prepost7_6","I do not need to prove myself by participating in science communication.","Level of Agreement","Strongly disagree","Somewhat disagree","Neither agree nor disagree","Somewhat agree","Strongly agree",2,2
82,"Fall 2022","prepost7_6","I do not need to prove myself by participating in science communication.","Level of Agreement","Strongly disagree","Somewhat disagree","Neither agree nor disagree","Somewhat agree","Strongly agree",2,3
96,"Spring 2022","prepost7_6","I do not need to prove myself by participating in science communication.","Level of Agreement","Strongly disagree","Somewhat disagree","Neither agree nor disagree","Somewhat agree","Strongly agree",4,4
41,"Fall 2022","prepost7_6","I do not need to prove myself by participating in science communication.","Level of Agreement","Strongly disagree","Somewhat disagree","Neither agree nor disagree","Somewhat agree","Strongly agree",2,5
15,"Fall 2022","prepost7_6","I do not need to prove myself by participating in science communication.","Level of Agreement","Strongly disagree","Somewhat disagree","Neither agree nor disagree","Somewhat agree","Strongly agree",3,3
30,"Fall 2022","prepost7_6","I do not need to prove myself by participating in science communication.","Level of Agreement","Strongly disagree","Somewhat disagree","Neither agree nor disagree","Somewhat agree","Strongly agree",3,3
37,"Spring 2023","prepost7_6","I do not need to prove myself by participating in science communication.","Level of Agreement","Strongly disagree","Somewhat disagree","Neither agree nor disagree","Somewhat agree","Strongly agree",4,4
60,"Spring 2022","prepost7_6","I do not need to prove myself by participating in science communication.","Level of Agreement","Strongly disagree","Somewhat disagree","Neither agree nor disagree","Somewhat agree","Strongly agree",1,2
84,"Spring 2023","prepost7_6","I do not need to prove myself by participating in science communication.","Level of Agreement","Strongly disagree","Somewhat disagree","Neither agree nor disagree","Somewhat agree","Strongly agree",4,4
48,"Spring 2022","prepost7_6","I do not need to prove myself by participating in science communication.","Level of Agreement","Strongly disagree","Somewhat disagree","Neither agree nor disagree","Somewhat agree","Strongly agree",3,3
89,"Spring 2023","prepost7_6","I do not need to prove myself by participating in science communication.","Level of Agreement","Strongly disagree","Somewhat disagree","Neither agree nor disagree","Somewhat agree","Strongly agree",2,2
72,"Spring 2023","prepost7_6","I do not need to prove myself by participating in science communication.","Level of Agreement","Strongly disagree","Somewhat disagree","Neither agree nor disagree","Somewhat agree","Strongly agree",3,3
51,"Spring 2023","prepost7_6","I do not need to prove myself by participating in science communication.","Level of Agreement","Strongly disagree","Somewhat disagree","Neither agree nor disagree","Somewhat agree","Strongly agree",3,5
75,"Spring 2023","prepost7_6","I do not need to prove myself by participating in science communication.","Level of Agreement","Strongly disagree","Somewhat disagree","Neither agree nor disagree","Somewhat agree","Strongly agree",4,3
40,"Spring 2022","prepost7_6","I do not need to prove myself by participating in science communication.","Level of Agreement","Strongly disagree","Somewhat disagree","Neither agree nor disagree","Somewhat agree","Strongly agree",3,3
71,"Spring 2022","prepost7_6","I do not need to prove myself by participating in science communication.","Level of Agreement","Strongly disagree","Somewhat disagree","Neither agree nor disagree","Somewhat agree","Strongly agree",4,3
36,"All","prepost7_6","I do not need to prove myself by participating in science communication.","Level of Agreement","Strongly disagree","Somewhat disagree","Neither agree nor disagree","Somewhat agree","Strongly agree",4,3
36,"All","prepost7_6","I do not need to prove myself by participating in science communication.","Level of Agreement","Strongly disagree","Somewhat disagree","Neither agree nor disagree","Somewhat agree","Strongly agree",4,5
36,"All","prepost7_6","I do not need to prove myself by participating in science communication.","Level of Agreement","Strongly disagree","Somewhat disagree","Neither agree nor disagree","Somewhat agree","Strongly agree",4,4
83,"Spring 2022","prepost7_6","I do not need to prove myself by participating in science communication.","Level of Agreement","Strongly disagree","Somewhat disagree","Neither agree nor disagree","Somewhat agree","Strongly agree",3,3
26,"Spring 2022","prepost7_6","I do not need to prove myself by participating in science communication.","Level of Agreement","Strongly disagree","Somewhat disagree","Neither agree nor disagree","Somewhat agree","Strongly agree",3,3
28,"Spring 2023","prepost7_6","I do not need to prove myself by participating in science communication.","Level of Agreement","Strongly disagree","Somewhat disagree","Neither agree nor disagree","Somewhat agree","Strongly agree",2,4
24,"Spring 2022","prepost7_6","I do not need to prove myself by participating in science communication.","Level of Agreement","Strongly disagree","Somewhat disagree","Neither agree nor disagree","Somewhat agree","Strongly agree",4,3
74,"Spring 2022","prepost7_6","I do not need to prove myself by participating in science communication.","Level of Agreement","Strongly disagree","Somewhat disagree","Neither agree nor disagree","Somewhat agree","Strongly agree",3,3
85,"Spring 2022","prepost7_6","I do not need to prove myself by participating in science communication.","Level of Agreement","Strongly disagree","Somewhat disagree","Neither agree nor disagree","Somewhat agree","Strongly agree",1,4
23,"Spring 2023","prepost7_6","I do not need to prove myself by participating in science communication.","Level of Agreement","Strongly disagree","Somewhat disagree","Neither agree nor disagree","Somewhat agree","Strongly agree",5,5
83,"Spring 2022","prepost8_1","Engaging in science communication will take time away from my  job responsibilities. ","Level of Agreement","Strongly disagree","Somewhat disagree","Neither agree nor disagree","Somewhat agree","Strongly agree",2,2
14,"Fall 2022","prepost8_1","Engaging in science communication will take time away from my  job responsibilities. ","Level of Agreement","Strongly disagree","Somewhat disagree","Neither agree nor disagree","Somewhat agree","Strongly agree",3,2
74,"Spring 2022","prepost8_1","Engaging in science communication will take time away from my  job responsibilities. ","Level of Agreement","Strongly disagree","Somewhat disagree","Neither agree nor disagree","Somewhat agree","Strongly agree",2,2
53,"Spring 2022","prepost8_1","Engaging in science communication will take time away from my  job responsibilities. ","Level of Agreement","Strongly disagree","Somewhat disagree","Neither agree nor disagree","Somewhat agree","Strongly agree",3,2
11,"Spring 2023","prepost8_1","Engaging in science communication will take time away from my  job responsibilities. ","Level of Agreement","Strongly disagree","Somewhat disagree","Neither agree nor disagree","Somewhat agree","Strongly agree",1,2
30,"Fall 2022","prepost8_1","Engaging in science communication will take time away from my  job responsibilities. ","Level of Agreement","Strongly disagree","Somewhat disagree","Neither agree nor disagree","Somewhat agree","Strongly agree",2,2
35,"Spring 2023","prepost8_1","Engaging in science communication will take time away from my  job responsibilities. ","Level of Agreement","Strongly disagree","Somewhat disagree","Neither agree nor disagree","Somewhat agree","Strongly agree",2,3
15,"Fall 2022","prepost8_1","Engaging in science communication will take time away from my  job responsibilities. ","Level of Agreement","Strongly disagree","Somewhat disagree","Neither agree nor disagree","Somewhat agree","Strongly agree",1,2
37,"Spring 2023","prepost8_1","Engaging in science communication will take time away from my  job responsibilities. ","Level of Agreement","Strongly disagree","Somewhat disagree","Neither agree nor disagree","Somewhat agree","Strongly agree",1,3
36,"All","prepost8_1","Engaging in science communication will take time away from my  job responsibilities. ","Level of Agreement","Strongly disagree","Somewhat disagree","Neither agree nor disagree","Somewhat agree","Strongly agree",1,1
36,"All","prepost8_1","Engaging in science communication will take time away from my  job responsibilities. ","Level of Agreement","Strongly disagree","Somewhat disagree","Neither agree nor disagree","Somewhat agree","Strongly agree",1,5
36,"All","prepost8_1","Engaging in science communication will take time away from my  job responsibilities. ","Level of Agreement","Strongly disagree","Somewhat disagree","Neither agree nor disagree","Somewhat agree","Strongly agree",1,1
24,"Spring 2022","prepost8_1","Engaging in science communication will take time away from my  job responsibilities. ","Level of Agreement","Strongly disagree","Somewhat disagree","Neither agree nor disagree","Somewhat agree","Strongly agree",2,4
23,"Spring 2023","prepost8_1","Engaging in science communication will take time away from my  job responsibilities. ","Level of Agreement","Strongly disagree","Somewhat disagree","Neither agree nor disagree","Somewhat agree","Strongly agree",2,1
85,"Spring 2022","prepost8_1","Engaging in science communication will take time away from my  job responsibilities. ","Level of Agreement","Strongly disagree","Somewhat disagree","Neither agree nor disagree","Somewhat agree","Strongly agree",2,4
20,"Fall 2022","prepost8_1","Engaging in science communication will take time away from my  job responsibilities. ","Level of Agreement","Strongly disagree","Somewhat disagree","Neither agree nor disagree","Somewhat agree","Strongly agree",3,3
78,"Spring 2023","prepost8_1","Engaging in science communication will take time away from my  job responsibilities. ","Level of Agreement","Strongly disagree","Somewhat disagree","Neither agree nor disagree","Somewhat agree","Strongly agree",1,1
68,"Spring 2022","prepost8_1","Engaging in science communication will take time away from my  job responsibilities. ","Level of Agreement","Strongly disagree","Somewhat disagree","Neither agree nor disagree","Somewhat agree","Strongly agree",2,1
106,"Fall 2022","prepost8_1","Engaging in science communication will take time away from my  job responsibilities. ","Level of Agreement","Strongly disagree","Somewhat disagree","Neither agree nor disagree","Somewhat agree","Strongly agree",2,2
33,"Spring 2023","prepost8_1","Engaging in science communication will take time away from my  job responsibilities. ","Level of Agreement","Strongly disagree","Somewhat disagree","Neither agree nor disagree","Somewhat agree","Strongly agree",3,2
43,"Spring 2022","prepost8_1","Engaging in science communication will take time away from my  job responsibilities. ","Level of Agreement","Strongly disagree","Somewhat disagree","Neither agree nor disagree","Somewhat agree","Strongly agree",3,2
2,"Spring 2023","prepost8_1","Engaging in science communication will take time away from my  job responsibilities. ","Level of Agreement","Strongly disagree","Somewhat disagree","Neither agree nor disagree","Somewhat agree","Strongly agree",3,3
38,"Spring 2022","prepost8_1","Engaging in science communication will take time away from my  job responsibilities. ","Level of Agreement","Strongly disagree","Somewhat disagree","Neither agree nor disagree","Somewhat agree","Strongly agree",3,5
25,"Fall 2022","prepost8_1","Engaging in science communication will take time away from my  job responsibilities. ","Level of Agreement","Strongly disagree","Somewhat disagree","Neither agree nor disagree","Somewhat agree","Strongly agree",2,1
6,"Spring 2023","prepost8_1","Engaging in science communication will take time away from my  job responsibilities. ","Level of Agreement","Strongly disagree","Somewhat disagree","Neither agree nor disagree","Somewhat agree","Strongly agree",2,2
73,"Spring 2022","prepost8_1","Engaging in science communication will take time away from my  job responsibilities. ","Level of Agreement","Strongly disagree","Somewhat disagree","Neither agree nor disagree","Somewhat agree","Strongly agree",1,2
89,"Spring 2023","prepost8_1","Engaging in science communication will take time away from my  job responsibilities. ","Level of Agreement","Strongly disagree","Somewhat disagree","Neither agree nor disagree","Somewhat agree","Strongly agree",1,1
45,"Spring 2022","prepost8_1","Engaging in science communication will take time away from my  job responsibilities. ","Level of Agreement","Strongly disagree","Somewhat disagree","Neither agree nor disagree","Somewhat agree","Strongly agree",3,2
86,"Spring 2023","prepost8_1","Engaging in science communication will take time away from my  job responsibilities. ","Level of Agreement","Strongly disagree","Somewhat disagree","Neither agree nor disagree","Somewhat agree","Strongly agree",2,2
28,"Spring 2023","prepost8_1","Engaging in science communication will take time away from my  job responsibilities. ","Level of Agreement","Strongly disagree","Somewhat disagree","Neither agree nor disagree","Somewhat agree","Strongly agree",2,2
26,"Spring 2022","prepost8_1","Engaging in science communication will take time away from my  job responsibilities. ","Level of Agreement","Strongly disagree","Somewhat disagree","Neither agree nor disagree","Somewhat agree","Strongly agree",3,2
81,"Fall 2022","prepost8_1","Engaging in science communication will take time away from my  job responsibilities. ","Level of Agreement","Strongly disagree","Somewhat disagree","Neither agree nor disagree","Somewhat agree","Strongly agree",2,2
72,"Spring 2023","prepost8_1","Engaging in science communication will take time away from my  job responsibilities. ","Level of Agreement","Strongly disagree","Somewhat disagree","Neither agree nor disagree","Somewhat agree","Strongly agree",2,2
67,"Fall 2022","prepost8_1","Engaging in science communication will take time away from my  job responsibilities. ","Level of Agreement","Strongly disagree","Somewhat disagree","Neither agree nor disagree","Somewhat agree","Strongly agree",2,1
96,"Spring 2022","prepost8_1","Engaging in science communication will take time away from my  job responsibilities. ","Level of Agreement","Strongly disagree","Somewhat disagree","Neither agree nor disagree","Somewhat agree","Strongly agree",2,4
51,"Spring 2023","prepost8_1","Engaging in science communication will take time away from my  job responsibilities. ","Level of Agreement","Strongly disagree","Somewhat disagree","Neither agree nor disagree","Somewhat agree","Strongly agree",2,2
48,"Spring 2022","prepost8_1","Engaging in science communication will take time away from my  job responsibilities. ","Level of Agreement","Strongly disagree","Somewhat disagree","Neither agree nor disagree","Somewhat agree","Strongly agree",3,2
84,"Spring 2023","prepost8_1","Engaging in science communication will take time away from my  job responsibilities. ","Level of Agreement","Strongly disagree","Somewhat disagree","Neither agree nor disagree","Somewhat agree","Strongly agree",3,2
82,"Fall 2022","prepost8_1","Engaging in science communication will take time away from my  job responsibilities. ","Level of Agreement","Strongly disagree","Somewhat disagree","Neither agree nor disagree","Somewhat agree","Strongly agree",3,3
88,"Spring 2023","prepost8_1","Engaging in science communication will take time away from my  job responsibilities. ","Level of Agreement","Strongly disagree","Somewhat disagree","Neither agree nor disagree","Somewhat agree","Strongly agree",1,1
47,"Spring 2022","prepost8_1","Engaging in science communication will take time away from my  job responsibilities. ","Level of Agreement","Strongly disagree","Somewhat disagree","Neither agree nor disagree","Somewhat agree","Strongly agree",2,2
4,"Spring 2023","prepost8_1","Engaging in science communication will take time away from my  job responsibilities. ","Level of Agreement","Strongly disagree","Somewhat disagree","Neither agree nor disagree","Somewhat agree","Strongly agree",2,2
31,"Spring 2022","prepost8_1","Engaging in science communication will take time away from my  job responsibilities. ","Level of Agreement","Strongly disagree","Somewhat disagree","Neither agree nor disagree","Somewhat agree","Strongly agree",3,2
21,"Fall 2022","prepost8_1","Engaging in science communication will take time away from my  job responsibilities. ","Level of Agreement","Strongly disagree","Somewhat disagree","Neither agree nor disagree","Somewhat agree","Strongly agree",4,2
54,"Spring 2022","prepost8_1","Engaging in science communication will take time away from my  job responsibilities. ","Level of Agreement","Strongly disagree","Somewhat disagree","Neither agree nor disagree","Somewhat agree","Strongly agree",4,4
103,"Spring 2022","prepost8_1","Engaging in science communication will take time away from my  job responsibilities. ","Level of Agreement","Strongly disagree","Somewhat disagree","Neither agree nor disagree","Somewhat agree","Strongly agree",3,3
63,"Spring 2023","prepost8_1","Engaging in science communication will take time away from my  job responsibilities. ","Level of Agreement","Strongly disagree","Somewhat disagree","Neither agree nor disagree","Somewhat agree","Strongly agree",2,2
58,"Spring 2022","prepost8_1","Engaging in science communication will take time away from my  job responsibilities. ","Level of Agreement","Strongly disagree","Somewhat disagree","Neither agree nor disagree","Somewhat agree","Strongly agree",2,2
46,"Spring 2023","prepost8_1","Engaging in science communication will take time away from my  job responsibilities. ","Level of Agreement","Strongly disagree","Somewhat disagree","Neither agree nor disagree","Somewhat agree","Strongly agree",2,1
87,"Spring 2022","prepost8_1","Engaging in science communication will take time away from my  job responsibilities. ","Level of Agreement","Strongly disagree","Somewhat disagree","Neither agree nor disagree","Somewhat agree","Strongly agree",2,2
1,"Spring 2022","prepost8_1","Engaging in science communication will take time away from my  job responsibilities. ","Level of Agreement","Strongly disagree","Somewhat disagree","Neither agree nor disagree","Somewhat agree","Strongly agree",3,2
108,"Spring 2023","prepost8_1","Engaging in science communication will take time away from my  job responsibilities. ","Level of Agreement","Strongly disagree","Somewhat disagree","Neither agree nor disagree","Somewhat agree","Strongly agree",4,1
55,"Spring 2022","prepost8_1","Engaging in science communication will take time away from my  job responsibilities. ","Level of Agreement","Strongly disagree","Somewhat disagree","Neither agree nor disagree","Somewhat agree","Strongly agree",2,2
52,"Spring 2023","prepost8_1","Engaging in science communication will take time away from my  job responsibilities. ","Level of Agreement","Strongly disagree","Somewhat disagree","Neither agree nor disagree","Somewhat agree","Strongly agree",3,3
90,"Spring 2022","prepost8_1","Engaging in science communication will take time away from my  job responsibilities. ","Level of Agreement","Strongly disagree","Somewhat disagree","Neither agree nor disagree","Somewhat agree","Strongly agree",2,4
49,"Spring 2022","prepost8_1","Engaging in science communication will take time away from my  job responsibilities. ","Level of Agreement","Strongly disagree","Somewhat disagree","Neither agree nor disagree","Somewhat agree","Strongly agree",2,2
36,"All","prepost8_1","Engaging in science communication will take time away from my  job responsibilities. ","Level of Agreement","Strongly disagree","Somewhat disagree","Neither agree nor disagree","Somewhat agree","Strongly agree",1,1
36,"All","prepost8_1","Engaging in science communication will take time away from my  job responsibilities. ","Level of Agreement","Strongly disagree","Somewhat disagree","Neither agree nor disagree","Somewhat agree","Strongly agree",1,1
36,"All","prepost8_1","Engaging in science communication will take time away from my  job responsibilities. ","Level of Agreement","Strongly disagree","Somewhat disagree","Neither agree nor disagree","Somewhat agree","Strongly agree",1,5
36,"All","prepost8_1","Engaging in science communication will take time away from my  job responsibilities. ","Level of Agreement","Strongly disagree","Somewhat disagree","Neither agree nor disagree","Somewhat agree","Strongly agree",1,1
5,"Spring 2022","prepost8_1","Engaging in science communication will take time away from my  job responsibilities. ","Level of Agreement","Strongly disagree","Somewhat disagree","Neither agree nor disagree","Somewhat agree","Strongly agree",3,2
36,"All","prepost8_1","Engaging in science communication will take time away from my  job responsibilities. ","Level of Agreement","Strongly disagree","Somewhat disagree","Neither agree nor disagree","Somewhat agree","Strongly agree",1,5
36,"All","prepost8_1","Engaging in science communication will take time away from my  job responsibilities. ","Level of Agreement","Strongly disagree","Somewhat disagree","Neither agree nor disagree","Somewhat agree","Strongly agree",1,1
66,"Spring 2022","prepost8_1","Engaging in science communication will take time away from my  job responsibilities. ","Level of Agreement","Strongly disagree","Somewhat disagree","Neither agree nor disagree","Somewhat agree","Strongly agree",4,2
32,"Spring 2022","prepost8_1","Engaging in science communication will take time away from my  job responsibilities. ","Level of Agreement","Strongly disagree","Somewhat disagree","Neither agree nor disagree","Somewhat agree","Strongly agree",3,3
65,"Spring 2022","prepost8_1","Engaging in science communication will take time away from my  job responsibilities. ","Level of Agreement","Strongly disagree","Somewhat disagree","Neither agree nor disagree","Somewhat agree","Strongly agree",2,2
61,"Spring 2022","prepost8_1","Engaging in science communication will take time away from my  job responsibilities. ","Level of Agreement","Strongly disagree","Somewhat disagree","Neither agree nor disagree","Somewhat agree","Strongly agree",1,1
34,"Spring 2023","prepost8_1","Engaging in science communication will take time away from my  job responsibilities. ","Level of Agreement","Strongly disagree","Somewhat disagree","Neither agree nor disagree","Somewhat agree","Strongly agree",3,2
40,"Spring 2022","prepost8_1","Engaging in science communication will take time away from my  job responsibilities. ","Level of Agreement","Strongly disagree","Somewhat disagree","Neither agree nor disagree","Somewhat agree","Strongly agree",3,5
57,"Spring 2022","prepost8_1","Engaging in science communication will take time away from my  job responsibilities. ","Level of Agreement","Strongly disagree","Somewhat disagree","Neither agree nor disagree","Somewhat agree","Strongly agree",2,1
75,"Spring 2023","prepost8_1","Engaging in science communication will take time away from my  job responsibilities. ","Level of Agreement","Strongly disagree","Somewhat disagree","Neither agree nor disagree","Somewhat agree","Strongly agree",2,2
60,"Spring 2022","prepost8_1","Engaging in science communication will take time away from my  job responsibilities. ","Level of Agreement","Strongly disagree","Somewhat disagree","Neither agree nor disagree","Somewhat agree","Strongly agree",3,4
41,"Fall 2022","prepost8_1","Engaging in science communication will take time away from my  job responsibilities. ","Level of Agreement","Strongly disagree","Somewhat disagree","Neither agree nor disagree","Somewhat agree","Strongly agree",2,4
64,"Spring 2023","prepost8_1","Engaging in science communication will take time away from my  job responsibilities. ","Level of Agreement","Strongly disagree","Somewhat disagree","Neither agree nor disagree","Somewhat agree","Strongly agree",2,1
71,"Spring 2022","prepost8_1","Engaging in science communication will take time away from my  job responsibilities. ","Level of Agreement","Strongly disagree","Somewhat disagree","Neither agree nor disagree","Somewhat agree","Strongly agree",3,2
32,"Spring 2022","prepost8_2","Science communication will provide me opportunities for interdisciplinary collaboration.","Level of Agreement","Strongly disagree","Somewhat disagree","Neither agree nor disagree","Somewhat agree","Strongly agree",5,4
37,"Spring 2023","prepost8_2","Science communication will provide me opportunities for interdisciplinary collaboration.","Level of Agreement","Strongly disagree","Somewhat disagree","Neither agree nor disagree","Somewhat agree","Strongly agree",4,5
66,"Spring 2022","prepost8_2","Science communication will provide me opportunities for interdisciplinary collaboration.","Level of Agreement","Strongly disagree","Somewhat disagree","Neither agree nor disagree","Somewhat agree","Strongly agree",5,5
71,"Spring 2022","prepost8_2","Science communication will provide me opportunities for interdisciplinary collaboration.","Level of Agreement","Strongly disagree","Somewhat disagree","Neither agree nor disagree","Somewhat agree","Strongly agree",5,5
11,"Spring 2023","prepost8_2","Science communication will provide me opportunities for interdisciplinary collaboration.","Level of Agreement","Strongly disagree","Somewhat disagree","Neither agree nor disagree","Somewhat agree","Strongly agree",5,4
23,"Spring 2023","prepost8_2","Science communication will provide me opportunities for interdisciplinary collaboration.","Level of Agreement","Strongly disagree","Somewhat disagree","Neither agree nor disagree","Somewhat agree","Strongly agree",5,5
84,"Spring 2023","prepost8_2","Science communication will provide me opportunities for interdisciplinary collaboration.","Level of Agreement","Strongly disagree","Somewhat disagree","Neither agree nor disagree","Somewhat agree","Strongly agree",4,4
20,"Fall 2022","prepost8_2","Science communication will provide me opportunities for interdisciplinary collaboration.","Level of Agreement","Strongly disagree","Somewhat disagree","Neither agree nor disagree","Somewhat agree","Strongly agree",5,4
65,"Spring 2022","prepost8_2","Science communication will provide me opportunities for interdisciplinary collaboration.","Level of Agreement","Strongly disagree","Somewhat disagree","Neither agree nor disagree","Somewhat agree","Strongly agree",5,5
78,"Spring 2023","prepost8_2","Science communication will provide me opportunities for interdisciplinary collaboration.","Level of Agreement","Strongly disagree","Somewhat disagree","Neither agree nor disagree","Somewhat agree","Strongly agree",5,4
83,"Spring 2022","prepost8_2","Science communication will provide me opportunities for interdisciplinary collaboration.","Level of Agreement","Strongly disagree","Somewhat disagree","Neither agree nor disagree","Somewhat agree","Strongly agree",4,4
68,"Spring 2022","prepost8_2","Science communication will provide me opportunities for interdisciplinary collaboration.","Level of Agreement","Strongly disagree","Somewhat disagree","Neither agree nor disagree","Somewhat agree","Strongly agree",5,4
86,"Spring 2023","prepost8_2","Science communication will provide me opportunities for interdisciplinary collaboration.","Level of Agreement","Strongly disagree","Somewhat disagree","Neither agree nor disagree","Somewhat agree","Strongly agree",5,4
106,"Fall 2022","prepost8_2","Science communication will provide me opportunities for interdisciplinary collaboration.","Level of Agreement","Strongly disagree","Somewhat disagree","Neither agree nor disagree","Somewhat agree","Strongly agree",5,3
33,"Spring 2023","prepost8_2","Science communication will provide me opportunities for interdisciplinary collaboration.","Level of Agreement","Strongly disagree","Somewhat disagree","Neither agree nor disagree","Somewhat agree","Strongly agree",4,4
15,"Fall 2022","prepost8_2","Science communication will provide me opportunities for interdisciplinary collaboration.","Level of Agreement","Strongly disagree","Somewhat disagree","Neither agree nor disagree","Somewhat agree","Strongly agree",5,5
74,"Spring 2022","prepost8_2","Science communication will provide me opportunities for interdisciplinary collaboration.","Level of Agreement","Strongly disagree","Somewhat disagree","Neither agree nor disagree","Somewhat agree","Strongly agree",5,5
89,"Spring 2023","prepost8_2","Science communication will provide me opportunities for interdisciplinary collaboration.","Level of Agreement","Strongly disagree","Somewhat disagree","Neither agree nor disagree","Somewhat agree","Strongly agree",5,5
61,"Spring 2022","prepost8_2","Science communication will provide me opportunities for interdisciplinary collaboration.","Level of Agreement","Strongly disagree","Somewhat disagree","Neither agree nor disagree","Somewhat agree","Strongly agree",5,5
43,"Spring 2022","prepost8_2","Science communication will provide me opportunities for interdisciplinary collaboration.","Level of Agreement","Strongly disagree","Somewhat disagree","Neither agree nor disagree","Somewhat agree","Strongly agree",4,4
24,"Spring 2022","prepost8_2","Science communication will provide me opportunities for interdisciplinary collaboration.","Level of Agreement","Strongly disagree","Somewhat disagree","Neither agree nor disagree","Somewhat agree","Strongly agree",5,5
2,"Spring 2023","prepost8_2","Science communication will provide me opportunities for interdisciplinary collaboration.","Level of Agreement","Strongly disagree","Somewhat disagree","Neither agree nor disagree","Somewhat agree","Strongly agree",4,4
45,"Spring 2022","prepost8_2","Science communication will provide me opportunities for interdisciplinary collaboration.","Level of Agreement","Strongly disagree","Somewhat disagree","Neither agree nor disagree","Somewhat agree","Strongly agree",4,5
38,"Spring 2022","prepost8_2","Science communication will provide me opportunities for interdisciplinary collaboration.","Level of Agreement","Strongly disagree","Somewhat disagree","Neither agree nor disagree","Somewhat agree","Strongly agree",5,4
85,"Spring 2022","prepost8_2","Science communication will provide me opportunities for interdisciplinary collaboration.","Level of Agreement","Strongly disagree","Somewhat disagree","Neither agree nor disagree","Somewhat agree","Strongly agree",5,5
51,"Spring 2023","prepost8_2","Science communication will provide me opportunities for interdisciplinary collaboration.","Level of Agreement","Strongly disagree","Somewhat disagree","Neither agree nor disagree","Somewhat agree","Strongly agree",5,5
82,"Fall 2022","prepost8_2","Science communication will provide me opportunities for interdisciplinary collaboration.","Level of Agreement","Strongly disagree","Somewhat disagree","Neither agree nor disagree","Somewhat agree","Strongly agree",4,3
25,"Fall 2022","prepost8_2","Science communication will provide me opportunities for interdisciplinary collaboration.","Level of Agreement","Strongly disagree","Somewhat disagree","Neither agree nor disagree","Somewhat agree","Strongly agree",4,5
75,"Spring 2023","prepost8_2","Science communication will provide me opportunities for interdisciplinary collaboration.","Level of Agreement","Strongly disagree","Somewhat disagree","Neither agree nor disagree","Somewhat agree","Strongly agree",4,4
36,"All","prepost8_2","Science communication will provide me opportunities for interdisciplinary collaboration.","Level of Agreement","Strongly disagree","Somewhat disagree","Neither agree nor disagree","Somewhat agree","Strongly agree",4,5
88,"Spring 2023","prepost8_2","Science communication will provide me opportunities for interdisciplinary collaboration.","Level of Agreement","Strongly disagree","Somewhat disagree","Neither agree nor disagree","Somewhat agree","Strongly agree",4,5
47,"Spring 2022","prepost8_2","Science communication will provide me opportunities for interdisciplinary collaboration.","Level of Agreement","Strongly disagree","Somewhat disagree","Neither agree nor disagree","Somewhat agree","Strongly agree",5,5
36,"All","prepost8_2","Science communication will provide me opportunities for interdisciplinary collaboration.","Level of Agreement","Strongly disagree","Somewhat disagree","Neither agree nor disagree","Somewhat agree","Strongly agree",4,4
6,"Spring 2023","prepost8_2","Science communication will provide me opportunities for interdisciplinary collaboration.","Level of Agreement","Strongly disagree","Somewhat disagree","Neither agree nor disagree","Somewhat agree","Strongly agree",5,5
28,"Spring 2023","prepost8_2","Science communication will provide me opportunities for interdisciplinary collaboration.","Level of Agreement","Strongly disagree","Somewhat disagree","Neither agree nor disagree","Somewhat agree","Strongly agree",5,4
4,"Spring 2023","prepost8_2","Science communication will provide me opportunities for interdisciplinary collaboration.","Level of Agreement","Strongly disagree","Somewhat disagree","Neither agree nor disagree","Somewhat agree","Strongly agree",5,5
31,"Spring 2022","prepost8_2","Science communication will provide me opportunities for interdisciplinary collaboration.","Level of Agreement","Strongly disagree","Somewhat disagree","Neither agree nor disagree","Somewhat agree","Strongly agree",5,4
21,"Fall 2022","prepost8_2","Science communication will provide me opportunities for interdisciplinary collaboration.","Level of Agreement","Strongly disagree","Somewhat disagree","Neither agree nor disagree","Somewhat agree","Strongly agree",4,4
60,"Spring 2022","prepost8_2","Science communication will provide me opportunities for interdisciplinary collaboration.","Level of Agreement","Strongly disagree","Somewhat disagree","Neither agree nor disagree","Somewhat agree","Strongly agree",5,4
63,"Spring 2023","prepost8_2","Science communication will provide me opportunities for interdisciplinary collaboration.","Level of Agreement","Strongly disagree","Somewhat disagree","Neither agree nor disagree","Somewhat agree","Strongly agree",4,4
54,"Spring 2022","prepost8_2","Science communication will provide me opportunities for interdisciplinary collaboration.","Level of Agreement","Strongly disagree","Somewhat disagree","Neither agree nor disagree","Somewhat agree","Strongly agree",4,4
58,"Spring 2022","prepost8_2","Science communication will provide me opportunities for interdisciplinary collaboration.","Level of Agreement","Strongly disagree","Somewhat disagree","Neither agree nor disagree","Somewhat agree","Strongly agree",4,4
41,"Fall 2022","prepost8_2","Science communication will provide me opportunities for interdisciplinary collaboration.","Level of Agreement","Strongly disagree","Somewhat disagree","Neither agree nor disagree","Somewhat agree","Strongly agree",4,4
103,"Spring 2022","prepost8_2","Science communication will provide me opportunities for interdisciplinary collaboration.","Level of Agreement","Strongly disagree","Somewhat disagree","Neither agree nor disagree","Somewhat agree","Strongly agree",4,4
26,"Spring 2022","prepost8_2","Science communication will provide me opportunities for interdisciplinary collaboration.","Level of Agreement","Strongly disagree","Somewhat disagree","Neither agree nor disagree","Somewhat agree","Strongly agree",4,3
46,"Spring 2023","prepost8_2","Science communication will provide me opportunities for interdisciplinary collaboration.","Level of Agreement","Strongly disagree","Somewhat disagree","Neither agree nor disagree","Somewhat agree","Strongly agree",5,5
35,"Spring 2023","prepost8_2","Science communication will provide me opportunities for interdisciplinary collaboration.","Level of Agreement","Strongly disagree","Somewhat disagree","Neither agree nor disagree","Somewhat agree","Strongly agree",4,5
81,"Fall 2022","prepost8_2","Science communication will provide me opportunities for interdisciplinary collaboration.","Level of Agreement","Strongly disagree","Somewhat disagree","Neither agree nor disagree","Somewhat agree","Strongly agree",4,4
87,"Spring 2022","prepost8_2","Science communication will provide me opportunities for interdisciplinary collaboration.","Level of Agreement","Strongly disagree","Somewhat disagree","Neither agree nor disagree","Somewhat agree","Strongly agree",4,4
36,"All","prepost8_2","Science communication will provide me opportunities for interdisciplinary collaboration.","Level of Agreement","Strongly disagree","Somewhat disagree","Neither agree nor disagree","Somewhat agree","Strongly agree",4,5
1,"Spring 2022","prepost8_2","Science communication will provide me opportunities for interdisciplinary collaboration.","Level of Agreement","Strongly disagree","Somewhat disagree","Neither agree nor disagree","Somewhat agree","Strongly agree",4,4
14,"Fall 2022","prepost8_2","Science communication will provide me opportunities for interdisciplinary collaboration.","Level of Agreement","Strongly disagree","Somewhat disagree","Neither agree nor disagree","Somewhat agree","Strongly agree",4,5
57,"Spring 2022","prepost8_2","Science communication will provide me opportunities for interdisciplinary collaboration.","Level of Agreement","Strongly disagree","Somewhat disagree","Neither agree nor disagree","Somewhat agree","Strongly agree",5,5
108,"Spring 2023","prepost8_2","Science communication will provide me opportunities for interdisciplinary collaboration.","Level of Agreement","Strongly disagree","Somewhat disagree","Neither agree nor disagree","Somewhat agree","Strongly agree",4,4
67,"Fall 2022","prepost8_2","Science communication will provide me opportunities for interdisciplinary collaboration.","Level of Agreement","Strongly disagree","Somewhat disagree","Neither agree nor disagree","Somewhat agree","Strongly agree",5,5
40,"Spring 2022","prepost8_2","Science communication will provide me opportunities for interdisciplinary collaboration.","Level of Agreement","Strongly disagree","Somewhat disagree","Neither agree nor disagree","Somewhat agree","Strongly agree",5,5
55,"Spring 2022","prepost8_2","Science communication will provide me opportunities for interdisciplinary collaboration.","Level of Agreement","Strongly disagree","Somewhat disagree","Neither agree nor disagree","Somewhat agree","Strongly agree",5,4
49,"Spring 2022","prepost8_2","Science communication will provide me opportunities for interdisciplinary collaboration.","Level of Agreement","Strongly disagree","Somewhat disagree","Neither agree nor disagree","Somewhat agree","Strongly agree",4,4
73,"Spring 2022","prepost8_2","Science communication will provide me opportunities for interdisciplinary collaboration.","Level of Agreement","Strongly disagree","Somewhat disagree","Neither agree nor disagree","Somewhat agree","Strongly agree",4,4
72,"Spring 2023","prepost8_2","Science communication will provide me opportunities for interdisciplinary collaboration.","Level of Agreement","Strongly disagree","Somewhat disagree","Neither agree nor disagree","Somewhat agree","Strongly agree",4,4
52,"Spring 2023","prepost8_2","Science communication will provide me opportunities for interdisciplinary collaboration.","Level of Agreement","Strongly disagree","Somewhat disagree","Neither agree nor disagree","Somewhat agree","Strongly agree",5,4
90,"Spring 2022","prepost8_2","Science communication will provide me opportunities for interdisciplinary collaboration.","Level of Agreement","Strongly disagree","Somewhat disagree","Neither agree nor disagree","Somewhat agree","Strongly agree",5,5
34,"Spring 2023","prepost8_2","Science communication will provide me opportunities for interdisciplinary collaboration.","Level of Agreement","Strongly disagree","Somewhat disagree","Neither agree nor disagree","Somewhat agree","Strongly agree",5,5
36,"All","prepost8_2","Science communication will provide me opportunities for interdisciplinary collaboration.","Level of Agreement","Strongly disagree","Somewhat disagree","Neither agree nor disagree","Somewhat agree","Strongly agree",5,4
36,"All","prepost8_2","Science communication will provide me opportunities for interdisciplinary collaboration.","Level of Agreement","Strongly disagree","Somewhat disagree","Neither agree nor disagree","Somewhat agree","Strongly agree",5,5
36,"All","prepost8_2","Science communication will provide me opportunities for interdisciplinary collaboration.","Level of Agreement","Strongly disagree","Somewhat disagree","Neither agree nor disagree","Somewhat agree","Strongly agree",5,5
96,"Spring 2022","prepost8_2","Science communication will provide me opportunities for interdisciplinary collaboration.","Level of Agreement","Strongly disagree","Somewhat disagree","Neither agree nor disagree","Somewhat agree","Strongly agree",4,4
53,"Spring 2022","prepost8_2","Science communication will provide me opportunities for interdisciplinary collaboration.","Level of Agreement","Strongly disagree","Somewhat disagree","Neither agree nor disagree","Somewhat agree","Strongly agree",4,2
64,"Spring 2023","prepost8_2","Science communication will provide me opportunities for interdisciplinary collaboration.","Level of Agreement","Strongly disagree","Somewhat disagree","Neither agree nor disagree","Somewhat agree","Strongly agree",5,4
36,"All","prepost8_2","Science communication will provide me opportunities for interdisciplinary collaboration.","Level of Agreement","Strongly disagree","Somewhat disagree","Neither agree nor disagree","Somewhat agree","Strongly agree",4,5
36,"All","prepost8_2","Science communication will provide me opportunities for interdisciplinary collaboration.","Level of Agreement","Strongly disagree","Somewhat disagree","Neither agree nor disagree","Somewhat agree","Strongly agree",4,5
36,"All","prepost8_2","Science communication will provide me opportunities for interdisciplinary collaboration.","Level of Agreement","Strongly disagree","Somewhat disagree","Neither agree nor disagree","Somewhat agree","Strongly agree",4,4
5,"Spring 2022","prepost8_2","Science communication will provide me opportunities for interdisciplinary collaboration.","Level of Agreement","Strongly disagree","Somewhat disagree","Neither agree nor disagree","Somewhat agree","Strongly agree",4,4
30,"Fall 2022","prepost8_2","Science communication will provide me opportunities for interdisciplinary collaboration.","Level of Agreement","Strongly disagree","Somewhat disagree","Neither agree nor disagree","Somewhat agree","Strongly agree",5,4
48,"Spring 2022","prepost8_2","Science communication will provide me opportunities for interdisciplinary collaboration.","Level of Agreement","Strongly disagree","Somewhat disagree","Neither agree nor disagree","Somewhat agree","Strongly agree",4,4
63,"Spring 2023","prepost8_3","Engaging in science communication will cause me to lose credibility with my peers.","Level of Agreement","Strongly disagree","Somewhat disagree","Neither agree nor disagree","Somewhat agree","Strongly agree",2,2
34,"Spring 2023","prepost8_3","Engaging in science communication will cause me to lose credibility with my peers.","Level of Agreement","Strongly disagree","Somewhat disagree","Neither agree nor disagree","Somewhat agree","Strongly agree",1,1
81,"Fall 2022","prepost8_3","Engaging in science communication will cause me to lose credibility with my peers.","Level of Agreement","Strongly disagree","Somewhat disagree","Neither agree nor disagree","Somewhat agree","Strongly agree",1,1
6,"Spring 2023","prepost8_3","Engaging in science communication will cause me to lose credibility with my peers.","Level of Agreement","Strongly disagree","Somewhat disagree","Neither agree nor disagree","Somewhat agree","Strongly agree",1,1
66,"Spring 2022","prepost8_3","Engaging in science communication will cause me to lose credibility with my peers.","Level of Agreement","Strongly disagree","Somewhat disagree","Neither agree nor disagree","Somewhat agree","Strongly agree",2,2
83,"Spring 2022","prepost8_3","Engaging in science communication will cause me to lose credibility with my peers.","Level of Agreement","Strongly disagree","Somewhat disagree","Neither agree nor disagree","Somewhat agree","Strongly agree",2,2
71,"Spring 2022","prepost8_3","Engaging in science communication will cause me to lose credibility with my peers.","Level of Agreement","Strongly disagree","Somewhat disagree","Neither agree nor disagree","Somewhat agree","Strongly agree",1,2
31,"Spring 2022","prepost8_3","Engaging in science communication will cause me to lose credibility with my peers.","Level of Agreement","Strongly disagree","Somewhat disagree","Neither agree nor disagree","Somewhat agree","Strongly agree",1,1
15,"Fall 2022","prepost8_3","Engaging in science communication will cause me to lose credibility with my peers.","Level of Agreement","Strongly disagree","Somewhat disagree","Neither agree nor disagree","Somewhat agree","Strongly agree",1,1
11,"Spring 2023","prepost8_3","Engaging in science communication will cause me to lose credibility with my peers.","Level of Agreement","Strongly disagree","Somewhat disagree","Neither agree nor disagree","Somewhat agree","Strongly agree",1,1
53,"Spring 2022","prepost8_3","Engaging in science communication will cause me to lose credibility with my peers.","Level of Agreement","Strongly disagree","Somewhat disagree","Neither agree nor disagree","Somewhat agree","Strongly agree",3,2
26,"Spring 2022","prepost8_3","Engaging in science communication will cause me to lose credibility with my peers.","Level of Agreement","Strongly disagree","Somewhat disagree","Neither agree nor disagree","Somewhat agree","Strongly agree",1,2
108,"Spring 2023","prepost8_3","Engaging in science communication will cause me to lose credibility with my peers.","Level of Agreement","Strongly disagree","Somewhat disagree","Neither agree nor disagree","Somewhat agree","Strongly agree",3,1
75,"Spring 2023","prepost8_3","Engaging in science communication will cause me to lose credibility with my peers.","Level of Agreement","Strongly disagree","Somewhat disagree","Neither agree nor disagree","Somewhat agree","Strongly agree",2,2
65,"Spring 2022","prepost8_3","Engaging in science communication will cause me to lose credibility with my peers.","Level of Agreement","Strongly disagree","Somewhat disagree","Neither agree nor disagree","Somewhat agree","Strongly agree",1,2
58,"Spring 2022","prepost8_3","Engaging in science communication will cause me to lose credibility with my peers.","Level of Agreement","Strongly disagree","Somewhat disagree","Neither agree nor disagree","Somewhat agree","Strongly agree",2,2
85,"Spring 2022","prepost8_3","Engaging in science communication will cause me to lose credibility with my peers.","Level of Agreement","Strongly disagree","Somewhat disagree","Neither agree nor disagree","Somewhat agree","Strongly agree",1,2
20,"Fall 2022","prepost8_3","Engaging in science communication will cause me to lose credibility with my peers.","Level of Agreement","Strongly disagree","Somewhat disagree","Neither agree nor disagree","Somewhat agree","Strongly agree",1,1
36,"All","prepost8_3","Engaging in science communication will cause me to lose credibility with my peers.","Level of Agreement","Strongly disagree","Somewhat disagree","Neither agree nor disagree","Somewhat agree","Strongly agree",1,1
36,"All","prepost8_3","Engaging in science communication will cause me to lose credibility with my peers.","Level of Agreement","Strongly disagree","Somewhat disagree","Neither agree nor disagree","Somewhat agree","Strongly agree",1,5
78,"Spring 2023","prepost8_3","Engaging in science communication will cause me to lose credibility with my peers.","Level of Agreement","Strongly disagree","Somewhat disagree","Neither agree nor disagree","Somewhat agree","Strongly agree",1,1
60,"Spring 2022","prepost8_3","Engaging in science communication will cause me to lose credibility with my peers.","Level of Agreement","Strongly disagree","Somewhat disagree","Neither agree nor disagree","Somewhat agree","Strongly agree",1,2
84,"Spring 2023","prepost8_3","Engaging in science communication will cause me to lose credibility with my peers.","Level of Agreement","Strongly disagree","Somewhat disagree","Neither agree nor disagree","Somewhat agree","Strongly agree",2,2
89,"Spring 2023","prepost8_3","Engaging in science communication will cause me to lose credibility with my peers.","Level of Agreement","Strongly disagree","Somewhat disagree","Neither agree nor disagree","Somewhat agree","Strongly agree",1,1
36,"All","prepost8_3","Engaging in science communication will cause me to lose credibility with my peers.","Level of Agreement","Strongly disagree","Somewhat disagree","Neither agree nor disagree","Somewhat agree","Strongly agree",1,1
51,"Spring 2023","prepost8_3","Engaging in science communication will cause me to lose credibility with my peers.","Level of Agreement","Strongly disagree","Somewhat disagree","Neither agree nor disagree","Somewhat agree","Strongly agree",2,2
37,"Spring 2023","prepost8_3","Engaging in science communication will cause me to lose credibility with my peers.","Level of Agreement","Strongly disagree","Somewhat disagree","Neither agree nor disagree","Somewhat agree","Strongly agree",1,1
54,"Spring 2022","prepost8_3","Engaging in science communication will cause me to lose credibility with my peers.","Level of Agreement","Strongly disagree","Somewhat disagree","Neither agree nor disagree","Somewhat agree","Strongly agree",2,2
68,"Spring 2022","prepost8_3","Engaging in science communication will cause me to lose credibility with my peers.","Level of Agreement","Strongly disagree","Somewhat disagree","Neither agree nor disagree","Somewhat agree","Strongly agree",1,1
36,"All","prepost8_3","Engaging in science communication will cause me to lose credibility with my peers.","Level of Agreement","Strongly disagree","Somewhat disagree","Neither agree nor disagree","Somewhat agree","Strongly agree",1,1
64,"Spring 2023","prepost8_3","Engaging in science communication will cause me to lose credibility with my peers.","Level of Agreement","Strongly disagree","Somewhat disagree","Neither agree nor disagree","Somewhat agree","Strongly agree",2,1
21,"Fall 2022","prepost8_3","Engaging in science communication will cause me to lose credibility with my peers.","Level of Agreement","Strongly disagree","Somewhat disagree","Neither agree nor disagree","Somewhat agree","Strongly agree",2,2
106,"Fall 2022","prepost8_3","Engaging in science communication will cause me to lose credibility with my peers.","Level of Agreement","Strongly disagree","Somewhat disagree","Neither agree nor disagree","Somewhat agree","Strongly agree",1,1
103,"Spring 2022","prepost8_3","Engaging in science communication will cause me to lose credibility with my peers.","Level of Agreement","Strongly disagree","Somewhat disagree","Neither agree nor disagree","Somewhat agree","Strongly agree",3,2
30,"Fall 2022","prepost8_3","Engaging in science communication will cause me to lose credibility with my peers.","Level of Agreement","Strongly disagree","Somewhat disagree","Neither agree nor disagree","Somewhat agree","Strongly agree",2,2
35,"Spring 2023","prepost8_3","Engaging in science communication will cause me to lose credibility with my peers.","Level of Agreement","Strongly disagree","Somewhat disagree","Neither agree nor disagree","Somewhat agree","Strongly agree",1,1
14,"Fall 2022","prepost8_3","Engaging in science communication will cause me to lose credibility with my peers.","Level of Agreement","Strongly disagree","Somewhat disagree","Neither agree nor disagree","Somewhat agree","Strongly agree",1,1
86,"Spring 2023","prepost8_3","Engaging in science communication will cause me to lose credibility with my peers.","Level of Agreement","Strongly disagree","Somewhat disagree","Neither agree nor disagree","Somewhat agree","Strongly agree",2,1
73,"Spring 2022","prepost8_3","Engaging in science communication will cause me to lose credibility with my peers.","Level of Agreement","Strongly disagree","Somewhat disagree","Neither agree nor disagree","Somewhat agree","Strongly agree",1,2
33,"Spring 2023","prepost8_3","Engaging in science communication will cause me to lose credibility with my peers.","Level of Agreement","Strongly disagree","Somewhat disagree","Neither agree nor disagree","Somewhat agree","Strongly agree",2,2
96,"Spring 2022","prepost8_3","Engaging in science communication will cause me to lose credibility with my peers.","Level of Agreement","Strongly disagree","Somewhat disagree","Neither agree nor disagree","Somewhat agree","Strongly agree",2,4
46,"Spring 2023","prepost8_3","Engaging in science communication will cause me to lose credibility with my peers.","Level of Agreement","Strongly disagree","Somewhat disagree","Neither agree nor disagree","Somewhat agree","Strongly agree",2,1
61,"Spring 2022","prepost8_3","Engaging in science communication will cause me to lose credibility with my peers.","Level of Agreement","Strongly disagree","Somewhat disagree","Neither agree nor disagree","Somewhat agree","Strongly agree",1,1
90,"Spring 2022","prepost8_3","Engaging in science communication will cause me to lose credibility with my peers.","Level of Agreement","Strongly disagree","Somewhat disagree","Neither agree nor disagree","Somewhat agree","Strongly agree",1,1
28,"Spring 2023","prepost8_3","Engaging in science communication will cause me to lose credibility with my peers.","Level of Agreement","Strongly disagree","Somewhat disagree","Neither agree nor disagree","Somewhat agree","Strongly agree",2,1
23,"Spring 2023","prepost8_3","Engaging in science communication will cause me to lose credibility with my peers.","Level of Agreement","Strongly disagree","Somewhat disagree","Neither agree nor disagree","Somewhat agree","Strongly agree",1,1
24,"Spring 2022","prepost8_3","Engaging in science communication will cause me to lose credibility with my peers.","Level of Agreement","Strongly disagree","Somewhat disagree","Neither agree nor disagree","Somewhat agree","Strongly agree",1,1
36,"All","prepost8_3","Engaging in science communication will cause me to lose credibility with my peers.","Level of Agreement","Strongly disagree","Somewhat disagree","Neither agree nor disagree","Somewhat agree","Strongly agree",1,5
36,"All","prepost8_3","Engaging in science communication will cause me to lose credibility with my peers.","Level of Agreement","Strongly disagree","Somewhat disagree","Neither agree nor disagree","Somewhat agree","Strongly agree",1,1
38,"Spring 2022","prepost8_3","Engaging in science communication will cause me to lose credibility with my peers.","Level of Agreement","Strongly disagree","Somewhat disagree","Neither agree nor disagree","Somewhat agree","Strongly agree",1,2
55,"Spring 2022","prepost8_3","Engaging in science communication will cause me to lose credibility with my peers.","Level of Agreement","Strongly disagree","Somewhat disagree","Neither agree nor disagree","Somewhat agree","Strongly agree",1,1
41,"Fall 2022","prepost8_3","Engaging in science communication will cause me to lose credibility with my peers.","Level of Agreement","Strongly disagree","Somewhat disagree","Neither agree nor disagree","Somewhat agree","Strongly agree",3,5
43,"Spring 2022","prepost8_3","Engaging in science communication will cause me to lose credibility with my peers.","Level of Agreement","Strongly disagree","Somewhat disagree","Neither agree nor disagree","Somewhat agree","Strongly agree",1,1
36,"All","prepost8_3","Engaging in science communication will cause me to lose credibility with my peers.","Level of Agreement","Strongly disagree","Somewhat disagree","Neither agree nor disagree","Somewhat agree","Strongly agree",1,1
57,"Spring 2022","prepost8_3","Engaging in science communication will cause me to lose credibility with my peers.","Level of Agreement","Strongly disagree","Somewhat disagree","Neither agree nor disagree","Somewhat agree","Strongly agree",1,1
5,"Spring 2022","prepost8_3","Engaging in science communication will cause me to lose credibility with my peers.","Level of Agreement","Strongly disagree","Somewhat disagree","Neither agree nor disagree","Somewhat agree","Strongly agree",1,1
82,"Fall 2022","prepost8_3","Engaging in science communication will cause me to lose credibility with my peers.","Level of Agreement","Strongly disagree","Somewhat disagree","Neither agree nor disagree","Somewhat agree","Strongly agree",2,3
74,"Spring 2022","prepost8_3","Engaging in science communication will cause me to lose credibility with my peers.","Level of Agreement","Strongly disagree","Somewhat disagree","Neither agree nor disagree","Somewhat agree","Strongly agree",1,1
2,"Spring 2023","prepost8_3","Engaging in science communication will cause me to lose credibility with my peers.","Level of Agreement","Strongly disagree","Somewhat disagree","Neither agree nor disagree","Somewhat agree","Strongly agree",2,3
48,"Spring 2022","prepost8_3","Engaging in science communication will cause me to lose credibility with my peers.","Level of Agreement","Strongly disagree","Somewhat disagree","Neither agree nor disagree","Somewhat agree","Strongly agree",2,2
72,"Spring 2023","prepost8_3","Engaging in science communication will cause me to lose credibility with my peers.","Level of Agreement","Strongly disagree","Somewhat disagree","Neither agree nor disagree","Somewhat agree","Strongly agree",1,2
40,"Spring 2022","prepost8_3","Engaging in science communication will cause me to lose credibility with my peers.","Level of Agreement","Strongly disagree","Somewhat disagree","Neither agree nor disagree","Somewhat agree","Strongly agree",1,1
1,"Spring 2022","prepost8_3","Engaging in science communication will cause me to lose credibility with my peers.","Level of Agreement","Strongly disagree","Somewhat disagree","Neither agree nor disagree","Somewhat agree","Strongly agree",1,1
36,"All","prepost8_3","Engaging in science communication will cause me to lose credibility with my peers.","Level of Agreement","Strongly disagree","Somewhat disagree","Neither agree nor disagree","Somewhat agree","Strongly agree",1,1
32,"Spring 2022","prepost8_3","Engaging in science communication will cause me to lose credibility with my peers.","Level of Agreement","Strongly disagree","Somewhat disagree","Neither agree nor disagree","Somewhat agree","Strongly agree",2,2
47,"Spring 2022","prepost8_3","Engaging in science communication will cause me to lose credibility with my peers.","Level of Agreement","Strongly disagree","Somewhat disagree","Neither agree nor disagree","Somewhat agree","Strongly agree",1,1
52,"Spring 2023","prepost8_3","Engaging in science communication will cause me to lose credibility with my peers.","Level of Agreement","Strongly disagree","Somewhat disagree","Neither agree nor disagree","Somewhat agree","Strongly agree",2,2
4,"Spring 2023","prepost8_3","Engaging in science communication will cause me to lose credibility with my peers.","Level of Agreement","Strongly disagree","Somewhat disagree","Neither agree nor disagree","Somewhat agree","Strongly agree",1,1
49,"Spring 2022","prepost8_3","Engaging in science communication will cause me to lose credibility with my peers.","Level of Agreement","Strongly disagree","Somewhat disagree","Neither agree nor disagree","Somewhat agree","Strongly agree",1,2
25,"Fall 2022","prepost8_3","Engaging in science communication will cause me to lose credibility with my peers.","Level of Agreement","Strongly disagree","Somewhat disagree","Neither agree nor disagree","Somewhat agree","Strongly agree",1,1
87,"Spring 2022","prepost8_3","Engaging in science communication will cause me to lose credibility with my peers.","Level of Agreement","Strongly disagree","Somewhat disagree","Neither agree nor disagree","Somewhat agree","Strongly agree",1,1
36,"All","prepost8_3","Engaging in science communication will cause me to lose credibility with my peers.","Level of Agreement","Strongly disagree","Somewhat disagree","Neither agree nor disagree","Somewhat agree","Strongly agree",1,5
45,"Spring 2022","prepost8_3","Engaging in science communication will cause me to lose credibility with my peers.","Level of Agreement","Strongly disagree","Somewhat disagree","Neither agree nor disagree","Somewhat agree","Strongly agree",2,2
88,"Spring 2023","prepost8_3","Engaging in science communication will cause me to lose credibility with my peers.","Level of Agreement","Strongly disagree","Somewhat disagree","Neither agree nor disagree","Somewhat agree","Strongly agree",1,1
83,"Spring 2022","prepost8_4","Engaging in science communication will take funds away from other activities.","Level of Agreement","Strongly disagree","Somewhat disagree","Neither agree nor disagree","Somewhat agree","Strongly agree",1,1
87,"Spring 2022","prepost8_4","Engaging in science communication will take funds away from other activities.","Level of Agreement","Strongly disagree","Somewhat disagree","Neither agree nor disagree","Somewhat agree","Strongly agree",3,2
41,"Fall 2022","prepost8_4","Engaging in science communication will take funds away from other activities.","Level of Agreement","Strongly disagree","Somewhat disagree","Neither agree nor disagree","Somewhat agree","Strongly agree",4,4
88,"Spring 2023","prepost8_4","Engaging in science communication will take funds away from other activities.","Level of Agreement","Strongly disagree","Somewhat disagree","Neither agree nor disagree","Somewhat agree","Strongly agree",1,1
40,"Spring 2022","prepost8_4","Engaging in science communication will take funds away from other activities.","Level of Agreement","Strongly disagree","Somewhat disagree","Neither agree nor disagree","Somewhat agree","Strongly agree",2,2
37,"Spring 2023","prepost8_4","Engaging in science communication will take funds away from other activities.","Level of Agreement","Strongly disagree","Somewhat disagree","Neither agree nor disagree","Somewhat agree","Strongly agree",1,1
75,"Spring 2023","prepost8_4","Engaging in science communication will take funds away from other activities.","Level of Agreement","Strongly disagree","Somewhat disagree","Neither agree nor disagree","Somewhat agree","Strongly agree",2,2
89,"Spring 2023","prepost8_4","Engaging in science communication will take funds away from other activities.","Level of Agreement","Strongly disagree","Somewhat disagree","Neither agree nor disagree","Somewhat agree","Strongly agree",1,1
48,"Spring 2022","prepost8_4","Engaging in science communication will take funds away from other activities.","Level of Agreement","Strongly disagree","Somewhat disagree","Neither agree nor disagree","Somewhat agree","Strongly agree",3,2
36,"All","prepost8_4","Engaging in science communication will take funds away from other activities.","Level of Agreement","Strongly disagree","Somewhat disagree","Neither agree nor disagree","Somewhat agree","Strongly agree",1,1
21,"Fall 2022","prepost8_4","Engaging in science communication will take funds away from other activities.","Level of Agreement","Strongly disagree","Somewhat disagree","Neither agree nor disagree","Somewhat agree","Strongly agree",2,2
28,"Spring 2023","prepost8_4","Engaging in science communication will take funds away from other activities.","Level of Agreement","Strongly disagree","Somewhat disagree","Neither agree nor disagree","Somewhat agree","Strongly agree",2,1
96,"Spring 2022","prepost8_4","Engaging in science communication will take funds away from other activities.","Level of Agreement","Strongly disagree","Somewhat disagree","Neither agree nor disagree","Somewhat agree","Strongly agree",2,4
4,"Spring 2023","prepost8_4","Engaging in science communication will take funds away from other activities.","Level of Agreement","Strongly disagree","Somewhat disagree","Neither agree nor disagree","Somewhat agree","Strongly agree",1,1
31,"Spring 2022","prepost8_4","Engaging in science communication will take funds away from other activities.","Level of Agreement","Strongly disagree","Somewhat disagree","Neither agree nor disagree","Somewhat agree","Strongly agree",4,2
86,"Spring 2023","prepost8_4","Engaging in science communication will take funds away from other activities.","Level of Agreement","Strongly disagree","Somewhat disagree","Neither agree nor disagree","Somewhat agree","Strongly agree",2,2
36,"All","prepost8_4","Engaging in science communication will take funds away from other activities.","Level of Agreement","Strongly disagree","Somewhat disagree","Neither agree nor disagree","Somewhat agree","Strongly agree",1,1
36,"All","prepost8_4","Engaging in science communication will take funds away from other activities.","Level of Agreement","Strongly disagree","Somewhat disagree","Neither agree nor disagree","Somewhat agree","Strongly agree",1,5
51,"Spring 2023","prepost8_4","Engaging in science communication will take funds away from other activities.","Level of Agreement","Strongly disagree","Somewhat disagree","Neither agree nor disagree","Somewhat agree","Strongly agree",2,2
81,"Fall 2022","prepost8_4","Engaging in science communication will take funds away from other activities.","Level of Agreement","Strongly disagree","Somewhat disagree","Neither agree nor disagree","Somewhat agree","Strongly agree",3,2
36,"All","prepost8_4","Engaging in science communication will take funds away from other activities.","Level of Agreement","Strongly disagree","Somewhat disagree","Neither agree nor disagree","Somewhat agree","Strongly agree",1,1
14,"Fall 2022","prepost8_4","Engaging in science communication will take funds away from other activities.","Level of Agreement","Strongly disagree","Somewhat disagree","Neither agree nor disagree","Somewhat agree","Strongly agree",2,1
74,"Spring 2022","prepost8_4","Engaging in science communication will take funds away from other activities.","Level of Agreement","Strongly disagree","Somewhat disagree","Neither agree nor disagree","Somewhat agree","Strongly agree",3,1
45,"Spring 2022","prepost8_4","Engaging in science communication will take funds away from other activities.","Level of Agreement","Strongly disagree","Somewhat disagree","Neither agree nor disagree","Somewhat agree","Strongly agree",3,2
6,"Spring 2023","prepost8_4","Engaging in science communication will take funds away from other activities.","Level of Agreement","Strongly disagree","Somewhat disagree","Neither agree nor disagree","Somewhat agree","Strongly agree",3,1
36,"All","prepost8_4","Engaging in science communication will take funds away from other activities.","Level of Agreement","Strongly disagree","Somewhat disagree","Neither agree nor disagree","Somewhat agree","Strongly agree",1,5
63,"Spring 2023","prepost8_4","Engaging in science communication will take funds away from other activities.","Level of Agreement","Strongly disagree","Somewhat disagree","Neither agree nor disagree","Somewhat agree","Strongly agree",2,2
26,"Spring 2022","prepost8_4","Engaging in science communication will take funds away from other activities.","Level of Agreement","Strongly disagree","Somewhat disagree","Neither agree nor disagree","Somewhat agree","Strongly agree",2,2
36,"All","prepost8_4","Engaging in science communication will take funds away from other activities.","Level of Agreement","Strongly disagree","Somewhat disagree","Neither agree nor disagree","Somewhat agree","Strongly agree",1,1
58,"Spring 2022","prepost8_4","Engaging in science communication will take funds away from other activities.","Level of Agreement","Strongly disagree","Somewhat disagree","Neither agree nor disagree","Somewhat agree","Strongly agree",2,4
35,"Spring 2023","prepost8_4","Engaging in science communication will take funds away from other activities.","Level of Agreement","Strongly disagree","Somewhat disagree","Neither agree nor disagree","Somewhat agree","Strongly agree",1,2
36,"All","prepost8_4","Engaging in science communication will take funds away from other activities.","Level of Agreement","Strongly disagree","Somewhat disagree","Neither agree nor disagree","Somewhat agree","Strongly agree",1,1
54,"Spring 2022","prepost8_4","Engaging in science communication will take funds away from other activities.","Level of Agreement","Strongly disagree","Somewhat disagree","Neither agree nor disagree","Somewhat agree","Strongly agree",3,3
60,"Spring 2022","prepost8_4","Engaging in science communication will take funds away from other activities.","Level of Agreement","Strongly disagree","Somewhat disagree","Neither agree nor disagree","Somewhat agree","Strongly agree",3,4
36,"All","prepost8_4","Engaging in science communication will take funds away from other activities.","Level of Agreement","Strongly disagree","Somewhat disagree","Neither agree nor disagree","Somewhat agree","Strongly agree",1,5
46,"Spring 2023","prepost8_4","Engaging in science communication will take funds away from other activities.","Level of Agreement","Strongly disagree","Somewhat disagree","Neither agree nor disagree","Somewhat agree","Strongly agree",2,1
49,"Spring 2022","prepost8_4","Engaging in science communication will take funds away from other activities.","Level of Agreement","Strongly disagree","Somewhat disagree","Neither agree nor disagree","Somewhat agree","Strongly agree",2,3
36,"All","prepost8_4","Engaging in science communication will take funds away from other activities.","Level of Agreement","Strongly disagree","Somewhat disagree","Neither agree nor disagree","Somewhat agree","Strongly agree",1,1
30,"Fall 2022","prepost8_4","Engaging in science communication will take funds away from other activities.","Level of Agreement","Strongly disagree","Somewhat disagree","Neither agree nor disagree","Somewhat agree","Strongly agree",3,2
32,"Spring 2022","prepost8_4","Engaging in science communication will take funds away from other activities.","Level of Agreement","Strongly disagree","Somewhat disagree","Neither agree nor disagree","Somewhat agree","Strongly agree",2,2
1,"Spring 2022","prepost8_4","Engaging in science communication will take funds away from other activities.","Level of Agreement","Strongly disagree","Somewhat disagree","Neither agree nor disagree","Somewhat agree","Strongly agree",1,1
53,"Spring 2022","prepost8_4","Engaging in science communication will take funds away from other activities.","Level of Agreement","Strongly disagree","Somewhat disagree","Neither agree nor disagree","Somewhat agree","Strongly agree",3,2
61,"Spring 2022","prepost8_4","Engaging in science communication will take funds away from other activities.","Level of Agreement","Strongly disagree","Somewhat disagree","Neither agree nor disagree","Somewhat agree","Strongly agree",1,1
71,"Spring 2022","prepost8_4","Engaging in science communication will take funds away from other activities.","Level of Agreement","Strongly disagree","Somewhat disagree","Neither agree nor disagree","Somewhat agree","Strongly agree",2,2
66,"Spring 2022","prepost8_4","Engaging in science communication will take funds away from other activities.","Level of Agreement","Strongly disagree","Somewhat disagree","Neither agree nor disagree","Somewhat agree","Strongly agree",3,2
103,"Spring 2022","prepost8_4","Engaging in science communication will take funds away from other activities.","Level of Agreement","Strongly disagree","Somewhat disagree","Neither agree nor disagree","Somewhat agree","Strongly agree",3,3
11,"Spring 2023","prepost8_4","Engaging in science communication will take funds away from other activities.","Level of Agreement","Strongly disagree","Somewhat disagree","Neither agree nor disagree","Somewhat agree","Strongly agree",1,1
34,"Spring 2023","prepost8_4","Engaging in science communication will take funds away from other activities.","Level of Agreement","Strongly disagree","Somewhat disagree","Neither agree nor disagree","Somewhat agree","Strongly agree",1,1
65,"Spring 2022","prepost8_4","Engaging in science communication will take funds away from other activities.","Level of Agreement","Strongly disagree","Somewhat disagree","Neither agree nor disagree","Somewhat agree","Strongly agree",2,2
108,"Spring 2023","prepost8_4","Engaging in science communication will take funds away from other activities.","Level of Agreement","Strongly disagree","Somewhat disagree","Neither agree nor disagree","Somewhat agree","Strongly agree",3,1
67,"Fall 2022","prepost8_4","Engaging in science communication will take funds away from other activities.","Level of Agreement","Strongly disagree","Somewhat disagree","Neither agree nor disagree","Somewhat agree","Strongly agree",2,1
15,"Fall 2022","prepost8_4","Engaging in science communication will take funds away from other activities.","Level of Agreement","Strongly disagree","Somewhat disagree","Neither agree nor disagree","Somewhat agree","Strongly agree",1,1
78,"Spring 2023","prepost8_4","Engaging in science communication will take funds away from other activities.","Level of Agreement","Strongly disagree","Somewhat disagree","Neither agree nor disagree","Somewhat agree","Strongly agree",1,1
20,"Fall 2022","prepost8_4","Engaging in science communication will take funds away from other activities.","Level of Agreement","Strongly disagree","Somewhat disagree","Neither agree nor disagree","Somewhat agree","Strongly agree",1,1
84,"Spring 2023","prepost8_4","Engaging in science communication will take funds away from other activities.","Level of Agreement","Strongly disagree","Somewhat disagree","Neither agree nor disagree","Somewhat agree","Strongly agree",2,2
68,"Spring 2022","prepost8_4","Engaging in science communication will take funds away from other activities.","Level of Agreement","Strongly disagree","Somewhat disagree","Neither agree nor disagree","Somewhat agree","Strongly agree",2,1
73,"Spring 2022","prepost8_4","Engaging in science communication will take funds away from other activities.","Level of Agreement","Strongly disagree","Somewhat disagree","Neither agree nor disagree","Somewhat agree","Strongly agree",1,2
106,"Fall 2022","prepost8_4","Engaging in science communication will take funds away from other activities.","Level of Agreement","Strongly disagree","Somewhat disagree","Neither agree nor disagree","Somewhat agree","Strongly agree",2,2
64,"Spring 2023","prepost8_4","Engaging in science communication will take funds away from other activities.","Level of Agreement","Strongly disagree","Somewhat disagree","Neither agree nor disagree","Somewhat agree","Strongly agree",2,1
85,"Spring 2022","prepost8_4","Engaging in science communication will take funds away from other activities.","Level of Agreement","Strongly disagree","Somewhat disagree","Neither agree nor disagree","Somewhat agree","Strongly agree",2,3
23,"Spring 2023","prepost8_4","Engaging in science communication will take funds away from other activities.","Level of Agreement","Strongly disagree","Somewhat disagree","Neither agree nor disagree","Somewhat agree","Strongly agree",1,1
33,"Spring 2023","prepost8_4","Engaging in science communication will take funds away from other activities.","Level of Agreement","Strongly disagree","Somewhat disagree","Neither agree nor disagree","Somewhat agree","Strongly agree",2,2
90,"Spring 2022","prepost8_4","Engaging in science communication will take funds away from other activities.","Level of Agreement","Strongly disagree","Somewhat disagree","Neither agree nor disagree","Somewhat agree","Strongly agree",1,2
24,"Spring 2022","prepost8_4","Engaging in science communication will take funds away from other activities.","Level of Agreement","Strongly disagree","Somewhat disagree","Neither agree nor disagree","Somewhat agree","Strongly agree",2,2
5,"Spring 2022","prepost8_4","Engaging in science communication will take funds away from other activities.","Level of Agreement","Strongly disagree","Somewhat disagree","Neither agree nor disagree","Somewhat agree","Strongly agree",2,2
82,"Fall 2022","prepost8_4","Engaging in science communication will take funds away from other activities.","Level of Agreement","Strongly disagree","Somewhat disagree","Neither agree nor disagree","Somewhat agree","Strongly agree",2,3
38,"Spring 2022","prepost8_4","Engaging in science communication will take funds away from other activities.","Level of Agreement","Strongly disagree","Somewhat disagree","Neither agree nor disagree","Somewhat agree","Strongly agree",4,5
55,"Spring 2022","prepost8_4","Engaging in science communication will take funds away from other activities.","Level of Agreement","Strongly disagree","Somewhat disagree","Neither agree nor disagree","Somewhat agree","Strongly agree",2,2
43,"Spring 2022","prepost8_4","Engaging in science communication will take funds away from other activities.","Level of Agreement","Strongly disagree","Somewhat disagree","Neither agree nor disagree","Somewhat agree","Strongly agree",2,3
2,"Spring 2023","prepost8_4","Engaging in science communication will take funds away from other activities.","Level of Agreement","Strongly disagree","Somewhat disagree","Neither agree nor disagree","Somewhat agree","Strongly agree",2,3
57,"Spring 2022","prepost8_4","Engaging in science communication will take funds away from other activities.","Level of Agreement","Strongly disagree","Somewhat disagree","Neither agree nor disagree","Somewhat agree","Strongly agree",1,1
47,"Spring 2022","prepost8_4","Engaging in science communication will take funds away from other activities.","Level of Agreement","Strongly disagree","Somewhat disagree","Neither agree nor disagree","Somewhat agree","Strongly agree",2,2
25,"Fall 2022","prepost8_4","Engaging in science communication will take funds away from other activities.","Level of Agreement","Strongly disagree","Somewhat disagree","Neither agree nor disagree","Somewhat agree","Strongly agree",3,4
52,"Spring 2023","prepost8_4","Engaging in science communication will take funds away from other activities.","Level of Agreement","Strongly disagree","Somewhat disagree","Neither agree nor disagree","Somewhat agree","Strongly agree",3,3
72,"Spring 2023","prepost8_4","Engaging in science communication will take funds away from other activities.","Level of Agreement","Strongly disagree","Somewhat disagree","Neither agree nor disagree","Somewhat agree","Strongly agree",2,2
20,"Fall 2022","prepost8_5","I would waste too much time if I engaged in science communication.","Level of Agreement","Strongly disagree","Somewhat disagree","Neither agree nor disagree","Somewhat agree","Strongly agree",3,3
6,"Spring 2023","prepost8_5","I would waste too much time if I engaged in science communication.","Level of Agreement","Strongly disagree","Somewhat disagree","Neither agree nor disagree","Somewhat agree","Strongly agree",2,1
60,"Spring 2022","prepost8_5","I would waste too much time if I engaged in science communication.","Level of Agreement","Strongly disagree","Somewhat disagree","Neither agree nor disagree","Somewhat agree","Strongly agree",3,3
28,"Spring 2023","prepost8_5","I would waste too much time if I engaged in science communication.","Level of Agreement","Strongly disagree","Somewhat disagree","Neither agree nor disagree","Somewhat agree","Strongly agree",2,1
26,"Spring 2022","prepost8_5","I would waste too much time if I engaged in science communication.","Level of Agreement","Strongly disagree","Somewhat disagree","Neither agree nor disagree","Somewhat agree","Strongly agree",2,2
67,"Fall 2022","prepost8_5","I would waste too much time if I engaged in science communication.","Level of Agreement","Strongly disagree","Somewhat disagree","Neither agree nor disagree","Somewhat agree","Strongly agree",1,1
40,"Spring 2022","prepost8_5","I would waste too much time if I engaged in science communication.","Level of Agreement","Strongly disagree","Somewhat disagree","Neither agree nor disagree","Somewhat agree","Strongly agree",1,2
37,"Spring 2023","prepost8_5","I would waste too much time if I engaged in science communication.","Level of Agreement","Strongly disagree","Somewhat disagree","Neither agree nor disagree","Somewhat agree","Strongly agree",1,1
41,"Fall 2022","prepost8_5","I would waste too much time if I engaged in science communication.","Level of Agreement","Strongly disagree","Somewhat disagree","Neither agree nor disagree","Somewhat agree","Strongly agree",2,4
72,"Spring 2023","prepost8_5","I would waste too much time if I engaged in science communication.","Level of Agreement","Strongly disagree","Somewhat disagree","Neither agree nor disagree","Somewhat agree","Strongly agree",1,2
45,"Spring 2022","prepost8_5","I would waste too much time if I engaged in science communication.","Level of Agreement","Strongly disagree","Somewhat disagree","Neither agree nor disagree","Somewhat agree","Strongly agree",2,2
96,"Spring 2022","prepost8_5","I would waste too much time if I engaged in science communication.","Level of Agreement","Strongly disagree","Somewhat disagree","Neither agree nor disagree","Somewhat agree","Strongly agree",2,4
57,"Spring 2022","prepost8_5","I would waste too much time if I engaged in science communication.","Level of Agreement","Strongly disagree","Somewhat disagree","Neither agree nor disagree","Somewhat agree","Strongly agree",1,1
14,"Fall 2022","prepost8_5","I would waste too much time if I engaged in science communication.","Level of Agreement","Strongly disagree","Somewhat disagree","Neither agree nor disagree","Somewhat agree","Strongly agree",2,1
84,"Spring 2023","prepost8_5","I would waste too much time if I engaged in science communication.","Level of Agreement","Strongly disagree","Somewhat disagree","Neither agree nor disagree","Somewhat agree","Strongly agree",3,2
82,"Fall 2022","prepost8_5","I would waste too much time if I engaged in science communication.","Level of Agreement","Strongly disagree","Somewhat disagree","Neither agree nor disagree","Somewhat agree","Strongly agree",2,3
47,"Spring 2022","prepost8_5","I would waste too much time if I engaged in science communication.","Level of Agreement","Strongly disagree","Somewhat disagree","Neither agree nor disagree","Somewhat agree","Strongly agree",1,1
49,"Spring 2022","prepost8_5","I would waste too much time if I engaged in science communication.","Level of Agreement","Strongly disagree","Somewhat disagree","Neither agree nor disagree","Somewhat agree","Strongly agree",1,2
88,"Spring 2023","prepost8_5","I would waste too much time if I engaged in science communication.","Level of Agreement","Strongly disagree","Somewhat disagree","Neither agree nor disagree","Somewhat agree","Strongly agree",1,1
61,"Spring 2022","prepost8_5","I would waste too much time if I engaged in science communication.","Level of Agreement","Strongly disagree","Somewhat disagree","Neither agree nor disagree","Somewhat agree","Strongly agree",1,1
48,"Spring 2022","prepost8_5","I would waste too much time if I engaged in science communication.","Level of Agreement","Strongly disagree","Somewhat disagree","Neither agree nor disagree","Somewhat agree","Strongly agree",2,2
31,"Spring 2022","prepost8_5","I would waste too much time if I engaged in science communication.","Level of Agreement","Strongly disagree","Somewhat disagree","Neither agree nor disagree","Somewhat agree","Strongly agree",2,1
21,"Fall 2022","prepost8_5","I would waste too much time if I engaged in science communication.","Level of Agreement","Strongly disagree","Somewhat disagree","Neither agree nor disagree","Somewhat agree","Strongly agree",2,2
75,"Spring 2023","prepost8_5","I would waste too much time if I engaged in science communication.","Level of Agreement","Strongly disagree","Somewhat disagree","Neither agree nor disagree","Somewhat agree","Strongly agree",2,2
4,"Spring 2023","prepost8_5","I would waste too much time if I engaged in science communication.","Level of Agreement","Strongly disagree","Somewhat disagree","Neither agree nor disagree","Somewhat agree","Strongly agree",1,1
35,"Spring 2023","prepost8_5","I would waste too much time if I engaged in science communication.","Level of Agreement","Strongly disagree","Somewhat disagree","Neither agree nor disagree","Somewhat agree","Strongly agree",2,1
34,"Spring 2023","prepost8_5","I would waste too much time if I engaged in science communication.","Level of Agreement","Strongly disagree","Somewhat disagree","Neither agree nor disagree","Somewhat agree","Strongly agree",1,1
63,"Spring 2023","prepost8_5","I would waste too much time if I engaged in science communication.","Level of Agreement","Strongly disagree","Somewhat disagree","Neither agree nor disagree","Somewhat agree","Strongly agree",2,2
58,"Spring 2022","prepost8_5","I would waste too much time if I engaged in science communication.","Level of Agreement","Strongly disagree","Somewhat disagree","Neither agree nor disagree","Somewhat agree","Strongly agree",2,2
51,"Spring 2023","prepost8_5","I would waste too much time if I engaged in science communication.","Level of Agreement","Strongly disagree","Somewhat disagree","Neither agree nor disagree","Somewhat agree","Strongly agree",2,1
54,"Spring 2022","prepost8_5","I would waste too much time if I engaged in science communication.","Level of Agreement","Strongly disagree","Somewhat disagree","Neither agree nor disagree","Somewhat agree","Strongly agree",1,2
46,"Spring 2023","prepost8_5","I would waste too much time if I engaged in science communication.","Level of Agreement","Strongly disagree","Somewhat disagree","Neither agree nor disagree","Somewhat agree","Strongly agree",1,1
74,"Spring 2022","prepost8_5","I would waste too much time if I engaged in science communication.","Level of Agreement","Strongly disagree","Somewhat disagree","Neither agree nor disagree","Somewhat agree","Strongly agree",2,1
1,"Spring 2022","prepost8_5","I would waste too much time if I engaged in science communication.","Level of Agreement","Strongly disagree","Somewhat disagree","Neither agree nor disagree","Somewhat agree","Strongly agree",1,1
87,"Spring 2022","prepost8_5","I would waste too much time if I engaged in science communication.","Level of Agreement","Strongly disagree","Somewhat disagree","Neither agree nor disagree","Somewhat agree","Strongly agree",2,2
108,"Spring 2023","prepost8_5","I would waste too much time if I engaged in science communication.","Level of Agreement","Strongly disagree","Somewhat disagree","Neither agree nor disagree","Somewhat agree","Strongly agree",5,1
103,"Spring 2022","prepost8_5","I would waste too much time if I engaged in science communication.","Level of Agreement","Strongly disagree","Somewhat disagree","Neither agree nor disagree","Somewhat agree","Strongly agree",2,3
15,"Fall 2022","prepost8_5","I would waste too much time if I engaged in science communication.","Level of Agreement","Strongly disagree","Somewhat disagree","Neither agree nor disagree","Somewhat agree","Strongly agree",1,1
90,"Spring 2022","prepost8_5","I would waste too much time if I engaged in science communication.","Level of Agreement","Strongly disagree","Somewhat disagree","Neither agree nor disagree","Somewhat agree","Strongly agree",1,2
36,"All","prepost8_5","I would waste too much time if I engaged in science communication.","Level of Agreement","Strongly disagree","Somewhat disagree","Neither agree nor disagree","Somewhat agree","Strongly agree",1,1
53,"Spring 2022","prepost8_5","I would waste too much time if I engaged in science communication.","Level of Agreement","Strongly disagree","Somewhat disagree","Neither agree nor disagree","Somewhat agree","Strongly agree",2,2
36,"All","prepost8_5","I would waste too much time if I engaged in science communication.","Level of Agreement","Strongly disagree","Somewhat disagree","Neither agree nor disagree","Somewhat agree","Strongly agree",1,1
52,"Spring 2023","prepost8_5","I would waste too much time if I engaged in science communication.","Level of Agreement","Strongly disagree","Somewhat disagree","Neither agree nor disagree","Somewhat agree","Strongly agree",2,2
86,"Spring 2023","prepost8_5","I would waste too much time if I engaged in science communication.","Level of Agreement","Strongly disagree","Somewhat disagree","Neither agree nor disagree","Somewhat agree","Strongly agree",2,2
36,"All","prepost8_5","I would waste too much time if I engaged in science communication.","Level of Agreement","Strongly disagree","Somewhat disagree","Neither agree nor disagree","Somewhat agree","Strongly agree",1,5
81,"Fall 2022","prepost8_5","I would waste too much time if I engaged in science communication.","Level of Agreement","Strongly disagree","Somewhat disagree","Neither agree nor disagree","Somewhat agree","Strongly agree",1,1
36,"All","prepost8_5","I would waste too much time if I engaged in science communication.","Level of Agreement","Strongly disagree","Somewhat disagree","Neither agree nor disagree","Somewhat agree","Strongly agree",1,5
36,"All","prepost8_5","I would waste too much time if I engaged in science communication.","Level of Agreement","Strongly disagree","Somewhat disagree","Neither agree nor disagree","Somewhat agree","Strongly agree",1,1
5,"Spring 2022","prepost8_5","I would waste too much time if I engaged in science communication.","Level of Agreement","Strongly disagree","Somewhat disagree","Neither agree nor disagree","Somewhat agree","Strongly agree",2,2
36,"All","prepost8_5","I would waste too much time if I engaged in science communication.","Level of Agreement","Strongly disagree","Somewhat disagree","Neither agree nor disagree","Somewhat agree","Strongly agree",1,1
32,"Spring 2022","prepost8_5","I would waste too much time if I engaged in science communication.","Level of Agreement","Strongly disagree","Somewhat disagree","Neither agree nor disagree","Somewhat agree","Strongly agree",3,3
36,"All","prepost8_5","I would waste too much time if I engaged in science communication.","Level of Agreement","Strongly disagree","Somewhat disagree","Neither agree nor disagree","Somewhat agree","Strongly agree",1,1
36,"All","prepost8_5","I would waste too much time if I engaged in science communication.","Level of Agreement","Strongly disagree","Somewhat disagree","Neither agree nor disagree","Somewhat agree","Strongly agree",1,5
36,"All","prepost8_5","I would waste too much time if I engaged in science communication.","Level of Agreement","Strongly disagree","Somewhat disagree","Neither agree nor disagree","Somewhat agree","Strongly agree",1,1
64,"Spring 2023","prepost8_5","I would waste too much time if I engaged in science communication.","Level of Agreement","Strongly disagree","Somewhat disagree","Neither agree nor disagree","Somewhat agree","Strongly agree",1,1
71,"Spring 2022","prepost8_5","I would waste too much time if I engaged in science communication.","Level of Agreement","Strongly disagree","Somewhat disagree","Neither agree nor disagree","Somewhat agree","Strongly agree",2,2
11,"Spring 2023","prepost8_5","I would waste too much time if I engaged in science communication.","Level of Agreement","Strongly disagree","Somewhat disagree","Neither agree nor disagree","Somewhat agree","Strongly agree",1,1
66,"Spring 2022","prepost8_5","I would waste too much time if I engaged in science communication.","Level of Agreement","Strongly disagree","Somewhat disagree","Neither agree nor disagree","Somewhat agree","Strongly agree",2,2
55,"Spring 2022","prepost8_5","I would waste too much time if I engaged in science communication.","Level of Agreement","Strongly disagree","Somewhat disagree","Neither agree nor disagree","Somewhat agree","Strongly agree",2,3
65,"Spring 2022","prepost8_5","I would waste too much time if I engaged in science communication.","Level of Agreement","Strongly disagree","Somewhat disagree","Neither agree nor disagree","Somewhat agree","Strongly agree",2,2
78,"Spring 2023","prepost8_5","I would waste too much time if I engaged in science communication.","Level of Agreement","Strongly disagree","Somewhat disagree","Neither agree nor disagree","Somewhat agree","Strongly agree",1,1
106,"Fall 2022","prepost8_5","I would waste too much time if I engaged in science communication.","Level of Agreement","Strongly disagree","Somewhat disagree","Neither agree nor disagree","Somewhat agree","Strongly agree",1,1
68,"Spring 2022","prepost8_5","I would waste too much time if I engaged in science communication.","Level of Agreement","Strongly disagree","Somewhat disagree","Neither agree nor disagree","Somewhat agree","Strongly agree",2,1
33,"Spring 2023","prepost8_5","I would waste too much time if I engaged in science communication.","Level of Agreement","Strongly disagree","Somewhat disagree","Neither agree nor disagree","Somewhat agree","Strongly agree",3,2
24,"Spring 2022","prepost8_5","I would waste too much time if I engaged in science communication.","Level of Agreement","Strongly disagree","Somewhat disagree","Neither agree nor disagree","Somewhat agree","Strongly agree",1,1
85,"Spring 2022","prepost8_5","I would waste too much time if I engaged in science communication.","Level of Agreement","Strongly disagree","Somewhat disagree","Neither agree nor disagree","Somewhat agree","Strongly agree",2,2
38,"Spring 2022","prepost8_5","I would waste too much time if I engaged in science communication.","Level of Agreement","Strongly disagree","Somewhat disagree","Neither agree nor disagree","Somewhat agree","Strongly agree",1,3
30,"Fall 2022","prepost8_5","I would waste too much time if I engaged in science communication.","Level of Agreement","Strongly disagree","Somewhat disagree","Neither agree nor disagree","Somewhat agree","Strongly agree",2,1
2,"Spring 2023","prepost8_5","I would waste too much time if I engaged in science communication.","Level of Agreement","Strongly disagree","Somewhat disagree","Neither agree nor disagree","Somewhat agree","Strongly agree",2,3
83,"Spring 2022","prepost8_5","I would waste too much time if I engaged in science communication.","Level of Agreement","Strongly disagree","Somewhat disagree","Neither agree nor disagree","Somewhat agree","Strongly agree",1,1
43,"Spring 2022","prepost8_5","I would waste too much time if I engaged in science communication.","Level of Agreement","Strongly disagree","Somewhat disagree","Neither agree nor disagree","Somewhat agree","Strongly agree",2,2
25,"Fall 2022","prepost8_5","I would waste too much time if I engaged in science communication.","Level of Agreement","Strongly disagree","Somewhat disagree","Neither agree nor disagree","Somewhat agree","Strongly agree",2,2
73,"Spring 2022","prepost8_5","I would waste too much time if I engaged in science communication.","Level of Agreement","Strongly disagree","Somewhat disagree","Neither agree nor disagree","Somewhat agree","Strongly agree",1,2
89,"Spring 2023","prepost8_5","I would waste too much time if I engaged in science communication.","Level of Agreement","Strongly disagree","Somewhat disagree","Neither agree nor disagree","Somewhat agree","Strongly agree",1,1
23,"Spring 2023","prepost8_5","I would waste too much time if I engaged in science communication.","Level of Agreement","Strongly disagree","Somewhat disagree","Neither agree nor disagree","Somewhat agree","Strongly agree",1,1
