"recipient_id","question_id","question","answer_type","definition_1","definition_2","definition_3","definition_4","definition_5","answer"
24,"post26_1","I would like to read more about spiders.","Level of Agreement","Strongly disagree","Somewhat disagree","Neither agree nor disagree","Somewhat agree","Strongly agree",5
24,"post26_2","I would like to know more about spiders.","Level of Agreement","Strongly disagree","Somewhat disagree","Neither agree nor disagree","Somewhat agree","Strongly agree",5
24,"post26_3","I would like to know more about how scientists study spiders.","Level of Agreement","Strongly disagree","Somewhat disagree","Neither agree nor disagree","Somewhat agree","Strongly agree",5
24,"post26_4","Greater attention should be given to spider protection.","Level of Agreement","Strongly disagree","Somewhat disagree","Neither agree nor disagree","Somewhat agree","Strongly agree",5
24,"post26_5","Spiders are interesting animals.","Level of Agreement","Strongly disagree","Somewhat disagree","Neither agree nor disagree","Somewhat agree","Strongly agree",5
24,"post26_6","People should use fewer chemicals in order to allow spiders to live.","Level of Agreement","Strongly disagree","Somewhat disagree","Neither agree nor disagree","Somewhat agree","Strongly agree",5
24,"post26_7","I would like to watch a spider constructing its web.","Level of Agreement","Strongly disagree","Somewhat disagree","Neither agree nor disagree","Somewhat agree","Strongly agree",5
47,"post26_1","I would like to read more about spiders.","Level of Agreement","Strongly disagree","Somewhat disagree","Neither agree nor disagree","Somewhat agree","Strongly agree",3
47,"post26_2","I would like to know more about spiders.","Level of Agreement","Strongly disagree","Somewhat disagree","Neither agree nor disagree","Somewhat agree","Strongly agree",3
47,"post26_3","I would like to know more about how scientists study spiders.","Level of Agreement","Strongly disagree","Somewhat disagree","Neither agree nor disagree","Somewhat agree","Strongly agree",3
47,"post26_4","Greater attention should be given to spider protection.","Level of Agreement","Strongly disagree","Somewhat disagree","Neither agree nor disagree","Somewhat agree","Strongly agree",3
47,"post26_5","Spiders are interesting animals.","Level of Agreement","Strongly disagree","Somewhat disagree","Neither agree nor disagree","Somewhat agree","Strongly agree",4
47,"post26_6","People should use fewer chemicals in order to allow spiders to live.","Level of Agreement","Strongly disagree","Somewhat disagree","Neither agree nor disagree","Somewhat agree","Strongly agree",4
47,"post26_7","I would like to watch a spider constructing its web.","Level of Agreement","Strongly disagree","Somewhat disagree","Neither agree nor disagree","Somewhat agree","Strongly agree",4
74,"post26_1","I would like to read more about spiders.","Level of Agreement","Strongly disagree","Somewhat disagree","Neither agree nor disagree","Somewhat agree","Strongly agree",5
74,"post26_2","I would like to know more about spiders.","Level of Agreement","Strongly disagree","Somewhat disagree","Neither agree nor disagree","Somewhat agree","Strongly agree",5
74,"post26_3","I would like to know more about how scientists study spiders.","Level of Agreement","Strongly disagree","Somewhat disagree","Neither agree nor disagree","Somewhat agree","Strongly agree",5
74,"post26_4","Greater attention should be given to spider protection.","Level of Agreement","Strongly disagree","Somewhat disagree","Neither agree nor disagree","Somewhat agree","Strongly agree",5
74,"post26_5","Spiders are interesting animals.","Level of Agreement","Strongly disagree","Somewhat disagree","Neither agree nor disagree","Somewhat agree","Strongly agree",5
74,"post26_6","People should use fewer chemicals in order to allow spiders to live.","Level of Agreement","Strongly disagree","Somewhat disagree","Neither agree nor disagree","Somewhat agree","Strongly agree",5
74,"post26_7","I would like to watch a spider constructing its web.","Level of Agreement","Strongly disagree","Somewhat disagree","Neither agree nor disagree","Somewhat agree","Strongly agree",5
68,"post26_1","I would like to read more about spiders.","Level of Agreement","Strongly disagree","Somewhat disagree","Neither agree nor disagree","Somewhat agree","Strongly agree",4
68,"post26_2","I would like to know more about spiders.","Level of Agreement","Strongly disagree","Somewhat disagree","Neither agree nor disagree","Somewhat agree","Strongly agree",4
68,"post26_3","I would like to know more about how scientists study spiders.","Level of Agreement","Strongly disagree","Somewhat disagree","Neither agree nor disagree","Somewhat agree","Strongly agree",4
68,"post26_4","Greater attention should be given to spider protection.","Level of Agreement","Strongly disagree","Somewhat disagree","Neither agree nor disagree","Somewhat agree","Strongly agree",4
68,"post26_5","Spiders are interesting animals.","Level of Agreement","Strongly disagree","Somewhat disagree","Neither agree nor disagree","Somewhat agree","Strongly agree",4
68,"post26_6","People should use fewer chemicals in order to allow spiders to live.","Level of Agreement","Strongly disagree","Somewhat disagree","Neither agree nor disagree","Somewhat agree","Strongly agree",5
68,"post26_7","I would like to watch a spider constructing its web.","Level of Agreement","Strongly disagree","Somewhat disagree","Neither agree nor disagree","Somewhat agree","Strongly agree",3
58,"post26_1","I would like to read more about spiders.","Level of Agreement","Strongly disagree","Somewhat disagree","Neither agree nor disagree","Somewhat agree","Strongly agree",4
58,"post26_2","I would like to know more about spiders.","Level of Agreement","Strongly disagree","Somewhat disagree","Neither agree nor disagree","Somewhat agree","Strongly agree",4
58,"post26_3","I would like to know more about how scientists study spiders.","Level of Agreement","Strongly disagree","Somewhat disagree","Neither agree nor disagree","Somewhat agree","Strongly agree",5
58,"post26_4","Greater attention should be given to spider protection.","Level of Agreement","Strongly disagree","Somewhat disagree","Neither agree nor disagree","Somewhat agree","Strongly agree",4
58,"post26_5","Spiders are interesting animals.","Level of Agreement","Strongly disagree","Somewhat disagree","Neither agree nor disagree","Somewhat agree","Strongly agree",4
58,"post26_6","People should use fewer chemicals in order to allow spiders to live.","Level of Agreement","Strongly disagree","Somewhat disagree","Neither agree nor disagree","Somewhat agree","Strongly agree",4
58,"post26_7","I would like to watch a spider constructing its web.","Level of Agreement","Strongly disagree","Somewhat disagree","Neither agree nor disagree","Somewhat agree","Strongly agree",4
26,"post26_1","I would like to read more about spiders.","Level of Agreement","Strongly disagree","Somewhat disagree","Neither agree nor disagree","Somewhat agree","Strongly agree",4
26,"post26_2","I would like to know more about spiders.","Level of Agreement","Strongly disagree","Somewhat disagree","Neither agree nor disagree","Somewhat agree","Strongly agree",4
26,"post26_3","I would like to know more about how scientists study spiders.","Level of Agreement","Strongly disagree","Somewhat disagree","Neither agree nor disagree","Somewhat agree","Strongly agree",4
26,"post26_4","Greater attention should be given to spider protection.","Level of Agreement","Strongly disagree","Somewhat disagree","Neither agree nor disagree","Somewhat agree","Strongly agree",4
26,"post26_5","Spiders are interesting animals.","Level of Agreement","Strongly disagree","Somewhat disagree","Neither agree nor disagree","Somewhat agree","Strongly agree",4
26,"post26_6","People should use fewer chemicals in order to allow spiders to live.","Level of Agreement","Strongly disagree","Somewhat disagree","Neither agree nor disagree","Somewhat agree","Strongly agree",3
26,"post26_7","I would like to watch a spider constructing its web.","Level of Agreement","Strongly disagree","Somewhat disagree","Neither agree nor disagree","Somewhat agree","Strongly agree",4
57,"post26_1","I would like to read more about spiders.","Level of Agreement","Strongly disagree","Somewhat disagree","Neither agree nor disagree","Somewhat agree","Strongly agree",4
57,"post26_2","I would like to know more about spiders.","Level of Agreement","Strongly disagree","Somewhat disagree","Neither agree nor disagree","Somewhat agree","Strongly agree",4
57,"post26_3","I would like to know more about how scientists study spiders.","Level of Agreement","Strongly disagree","Somewhat disagree","Neither agree nor disagree","Somewhat agree","Strongly agree",3
57,"post26_4","Greater attention should be given to spider protection.","Level of Agreement","Strongly disagree","Somewhat disagree","Neither agree nor disagree","Somewhat agree","Strongly agree",5
57,"post26_5","Spiders are interesting animals.","Level of Agreement","Strongly disagree","Somewhat disagree","Neither agree nor disagree","Somewhat agree","Strongly agree",4
57,"post26_6","People should use fewer chemicals in order to allow spiders to live.","Level of Agreement","Strongly disagree","Somewhat disagree","Neither agree nor disagree","Somewhat agree","Strongly agree",5
57,"post26_7","I would like to watch a spider constructing its web.","Level of Agreement","Strongly disagree","Somewhat disagree","Neither agree nor disagree","Somewhat agree","Strongly agree",4
61,"post26_1","I would like to read more about spiders.","Level of Agreement","Strongly disagree","Somewhat disagree","Neither agree nor disagree","Somewhat agree","Strongly agree",5
61,"post26_2","I would like to know more about spiders.","Level of Agreement","Strongly disagree","Somewhat disagree","Neither agree nor disagree","Somewhat agree","Strongly agree",5
61,"post26_3","I would like to know more about how scientists study spiders.","Level of Agreement","Strongly disagree","Somewhat disagree","Neither agree nor disagree","Somewhat agree","Strongly agree",5
61,"post26_4","Greater attention should be given to spider protection.","Level of Agreement","Strongly disagree","Somewhat disagree","Neither agree nor disagree","Somewhat agree","Strongly agree",5
61,"post26_5","Spiders are interesting animals.","Level of Agreement","Strongly disagree","Somewhat disagree","Neither agree nor disagree","Somewhat agree","Strongly agree",5
61,"post26_6","People should use fewer chemicals in order to allow spiders to live.","Level of Agreement","Strongly disagree","Somewhat disagree","Neither agree nor disagree","Somewhat agree","Strongly agree",5
61,"post26_7","I would like to watch a spider constructing its web.","Level of Agreement","Strongly disagree","Somewhat disagree","Neither agree nor disagree","Somewhat agree","Strongly agree",5
5,"post26_1","I would like to read more about spiders.","Level of Agreement","Strongly disagree","Somewhat disagree","Neither agree nor disagree","Somewhat agree","Strongly agree",4
5,"post26_2","I would like to know more about spiders.","Level of Agreement","Strongly disagree","Somewhat disagree","Neither agree nor disagree","Somewhat agree","Strongly agree",4
5,"post26_3","I would like to know more about how scientists study spiders.","Level of Agreement","Strongly disagree","Somewhat disagree","Neither agree nor disagree","Somewhat agree","Strongly agree",4
5,"post26_4","Greater attention should be given to spider protection.","Level of Agreement","Strongly disagree","Somewhat disagree","Neither agree nor disagree","Somewhat agree","Strongly agree",4
5,"post26_5","Spiders are interesting animals.","Level of Agreement","Strongly disagree","Somewhat disagree","Neither agree nor disagree","Somewhat agree","Strongly agree",4
5,"post26_6","People should use fewer chemicals in order to allow spiders to live.","Level of Agreement","Strongly disagree","Somewhat disagree","Neither agree nor disagree","Somewhat agree","Strongly agree",4
5,"post26_7","I would like to watch a spider constructing its web.","Level of Agreement","Strongly disagree","Somewhat disagree","Neither agree nor disagree","Somewhat agree","Strongly agree",3
31,"post26_1","I would like to read more about spiders.","Level of Agreement","Strongly disagree","Somewhat disagree","Neither agree nor disagree","Somewhat agree","Strongly agree",5
31,"post26_2","I would like to know more about spiders.","Level of Agreement","Strongly disagree","Somewhat disagree","Neither agree nor disagree","Somewhat agree","Strongly agree",5
31,"post26_3","I would like to know more about how scientists study spiders.","Level of Agreement","Strongly disagree","Somewhat disagree","Neither agree nor disagree","Somewhat agree","Strongly agree",5
31,"post26_4","Greater attention should be given to spider protection.","Level of Agreement","Strongly disagree","Somewhat disagree","Neither agree nor disagree","Somewhat agree","Strongly agree",5
31,"post26_5","Spiders are interesting animals.","Level of Agreement","Strongly disagree","Somewhat disagree","Neither agree nor disagree","Somewhat agree","Strongly agree",5
31,"post26_6","People should use fewer chemicals in order to allow spiders to live.","Level of Agreement","Strongly disagree","Somewhat disagree","Neither agree nor disagree","Somewhat agree","Strongly agree",5
31,"post26_7","I would like to watch a spider constructing its web.","Level of Agreement","Strongly disagree","Somewhat disagree","Neither agree nor disagree","Somewhat agree","Strongly agree",5
40,"post26_1","I would like to read more about spiders.","Level of Agreement","Strongly disagree","Somewhat disagree","Neither agree nor disagree","Somewhat agree","Strongly agree",4
40,"post26_2","I would like to know more about spiders.","Level of Agreement","Strongly disagree","Somewhat disagree","Neither agree nor disagree","Somewhat agree","Strongly agree",3
40,"post26_3","I would like to know more about how scientists study spiders.","Level of Agreement","Strongly disagree","Somewhat disagree","Neither agree nor disagree","Somewhat agree","Strongly agree",4
40,"post26_4","Greater attention should be given to spider protection.","Level of Agreement","Strongly disagree","Somewhat disagree","Neither agree nor disagree","Somewhat agree","Strongly agree",4
40,"post26_5","Spiders are interesting animals.","Level of Agreement","Strongly disagree","Somewhat disagree","Neither agree nor disagree","Somewhat agree","Strongly agree",4
40,"post26_6","People should use fewer chemicals in order to allow spiders to live.","Level of Agreement","Strongly disagree","Somewhat disagree","Neither agree nor disagree","Somewhat agree","Strongly agree",4
40,"post26_7","I would like to watch a spider constructing its web.","Level of Agreement","Strongly disagree","Somewhat disagree","Neither agree nor disagree","Somewhat agree","Strongly agree",5
36,"post26_1","I would like to read more about spiders.","Level of Agreement","Strongly disagree","Somewhat disagree","Neither agree nor disagree","Somewhat agree","Strongly agree",5
36,"post26_2","I would like to know more about spiders.","Level of Agreement","Strongly disagree","Somewhat disagree","Neither agree nor disagree","Somewhat agree","Strongly agree",5
36,"post26_3","I would like to know more about how scientists study spiders.","Level of Agreement","Strongly disagree","Somewhat disagree","Neither agree nor disagree","Somewhat agree","Strongly agree",5
36,"post26_4","Greater attention should be given to spider protection.","Level of Agreement","Strongly disagree","Somewhat disagree","Neither agree nor disagree","Somewhat agree","Strongly agree",5
36,"post26_5","Spiders are interesting animals.","Level of Agreement","Strongly disagree","Somewhat disagree","Neither agree nor disagree","Somewhat agree","Strongly agree",5
36,"post26_6","People should use fewer chemicals in order to allow spiders to live.","Level of Agreement","Strongly disagree","Somewhat disagree","Neither agree nor disagree","Somewhat agree","Strongly agree",5
36,"post26_7","I would like to watch a spider constructing its web.","Level of Agreement","Strongly disagree","Somewhat disagree","Neither agree nor disagree","Somewhat agree","Strongly agree",5
71,"post26_1","I would like to read more about spiders.","Level of Agreement","Strongly disagree","Somewhat disagree","Neither agree nor disagree","Somewhat agree","Strongly agree",3
71,"post26_2","I would like to know more about spiders.","Level of Agreement","Strongly disagree","Somewhat disagree","Neither agree nor disagree","Somewhat agree","Strongly agree",3
71,"post26_3","I would like to know more about how scientists study spiders.","Level of Agreement","Strongly disagree","Somewhat disagree","Neither agree nor disagree","Somewhat agree","Strongly agree",3
71,"post26_4","Greater attention should be given to spider protection.","Level of Agreement","Strongly disagree","Somewhat disagree","Neither agree nor disagree","Somewhat agree","Strongly agree",4
71,"post26_5","Spiders are interesting animals.","Level of Agreement","Strongly disagree","Somewhat disagree","Neither agree nor disagree","Somewhat agree","Strongly agree",3
71,"post26_6","People should use fewer chemicals in order to allow spiders to live.","Level of Agreement","Strongly disagree","Somewhat disagree","Neither agree nor disagree","Somewhat agree","Strongly agree",4
71,"post26_7","I would like to watch a spider constructing its web.","Level of Agreement","Strongly disagree","Somewhat disagree","Neither agree nor disagree","Somewhat agree","Strongly agree",4
48,"post26_1","I would like to read more about spiders.","Level of Agreement","Strongly disagree","Somewhat disagree","Neither agree nor disagree","Somewhat agree","Strongly agree",3
48,"post26_2","I would like to know more about spiders.","Level of Agreement","Strongly disagree","Somewhat disagree","Neither agree nor disagree","Somewhat agree","Strongly agree",3
48,"post26_3","I would like to know more about how scientists study spiders.","Level of Agreement","Strongly disagree","Somewhat disagree","Neither agree nor disagree","Somewhat agree","Strongly agree",4
48,"post26_4","Greater attention should be given to spider protection.","Level of Agreement","Strongly disagree","Somewhat disagree","Neither agree nor disagree","Somewhat agree","Strongly agree",5
48,"post26_5","Spiders are interesting animals.","Level of Agreement","Strongly disagree","Somewhat disagree","Neither agree nor disagree","Somewhat agree","Strongly agree",4
48,"post26_6","People should use fewer chemicals in order to allow spiders to live.","Level of Agreement","Strongly disagree","Somewhat disagree","Neither agree nor disagree","Somewhat agree","Strongly agree",5
48,"post26_7","I would like to watch a spider constructing its web.","Level of Agreement","Strongly disagree","Somewhat disagree","Neither agree nor disagree","Somewhat agree","Strongly agree",4
1,"post26_1","I would like to read more about spiders.","Level of Agreement","Strongly disagree","Somewhat disagree","Neither agree nor disagree","Somewhat agree","Strongly agree",4
1,"post26_2","I would like to know more about spiders.","Level of Agreement","Strongly disagree","Somewhat disagree","Neither agree nor disagree","Somewhat agree","Strongly agree",4
1,"post26_3","I would like to know more about how scientists study spiders.","Level of Agreement","Strongly disagree","Somewhat disagree","Neither agree nor disagree","Somewhat agree","Strongly agree",4
1,"post26_4","Greater attention should be given to spider protection.","Level of Agreement","Strongly disagree","Somewhat disagree","Neither agree nor disagree","Somewhat agree","Strongly agree",4
1,"post26_5","Spiders are interesting animals.","Level of Agreement","Strongly disagree","Somewhat disagree","Neither agree nor disagree","Somewhat agree","Strongly agree",4
1,"post26_6","People should use fewer chemicals in order to allow spiders to live.","Level of Agreement","Strongly disagree","Somewhat disagree","Neither agree nor disagree","Somewhat agree","Strongly agree",4
1,"post26_7","I would like to watch a spider constructing its web.","Level of Agreement","Strongly disagree","Somewhat disagree","Neither agree nor disagree","Somewhat agree","Strongly agree",4
32,"post26_1","I would like to read more about spiders.","Level of Agreement","Strongly disagree","Somewhat disagree","Neither agree nor disagree","Somewhat agree","Strongly agree",3
32,"post26_2","I would like to know more about spiders.","Level of Agreement","Strongly disagree","Somewhat disagree","Neither agree nor disagree","Somewhat agree","Strongly agree",3
32,"post26_3","I would like to know more about how scientists study spiders.","Level of Agreement","Strongly disagree","Somewhat disagree","Neither agree nor disagree","Somewhat agree","Strongly agree",4
32,"post26_4","Greater attention should be given to spider protection.","Level of Agreement","Strongly disagree","Somewhat disagree","Neither agree nor disagree","Somewhat agree","Strongly agree",3
32,"post26_5","Spiders are interesting animals.","Level of Agreement","Strongly disagree","Somewhat disagree","Neither agree nor disagree","Somewhat agree","Strongly agree",4
32,"post26_6","People should use fewer chemicals in order to allow spiders to live.","Level of Agreement","Strongly disagree","Somewhat disagree","Neither agree nor disagree","Somewhat agree","Strongly agree",3
32,"post26_7","I would like to watch a spider constructing its web.","Level of Agreement","Strongly disagree","Somewhat disagree","Neither agree nor disagree","Somewhat agree","Strongly agree",3
44,"post26_1","I would like to read more about spiders.","Level of Agreement","Strongly disagree","Somewhat disagree","Neither agree nor disagree","Somewhat agree","Strongly agree",5
44,"post26_2","I would like to know more about spiders.","Level of Agreement","Strongly disagree","Somewhat disagree","Neither agree nor disagree","Somewhat agree","Strongly agree",5
44,"post26_3","I would like to know more about how scientists study spiders.","Level of Agreement","Strongly disagree","Somewhat disagree","Neither agree nor disagree","Somewhat agree","Strongly agree",5
44,"post26_4","Greater attention should be given to spider protection.","Level of Agreement","Strongly disagree","Somewhat disagree","Neither agree nor disagree","Somewhat agree","Strongly agree",5
44,"post26_5","Spiders are interesting animals.","Level of Agreement","Strongly disagree","Somewhat disagree","Neither agree nor disagree","Somewhat agree","Strongly agree",5
44,"post26_6","People should use fewer chemicals in order to allow spiders to live.","Level of Agreement","Strongly disagree","Somewhat disagree","Neither agree nor disagree","Somewhat agree","Strongly agree",5
44,"post26_7","I would like to watch a spider constructing its web.","Level of Agreement","Strongly disagree","Somewhat disagree","Neither agree nor disagree","Somewhat agree","Strongly agree",5
73,"post26_1","I would like to read more about spiders.","Level of Agreement","Strongly disagree","Somewhat disagree","Neither agree nor disagree","Somewhat agree","Strongly agree",4
73,"post26_2","I would like to know more about spiders.","Level of Agreement","Strongly disagree","Somewhat disagree","Neither agree nor disagree","Somewhat agree","Strongly agree",4
73,"post26_3","I would like to know more about how scientists study spiders.","Level of Agreement","Strongly disagree","Somewhat disagree","Neither agree nor disagree","Somewhat agree","Strongly agree",4
73,"post26_4","Greater attention should be given to spider protection.","Level of Agreement","Strongly disagree","Somewhat disagree","Neither agree nor disagree","Somewhat agree","Strongly agree",4
73,"post26_5","Spiders are interesting animals.","Level of Agreement","Strongly disagree","Somewhat disagree","Neither agree nor disagree","Somewhat agree","Strongly agree",4
73,"post26_6","People should use fewer chemicals in order to allow spiders to live.","Level of Agreement","Strongly disagree","Somewhat disagree","Neither agree nor disagree","Somewhat agree","Strongly agree",5
73,"post26_7","I would like to watch a spider constructing its web.","Level of Agreement","Strongly disagree","Somewhat disagree","Neither agree nor disagree","Somewhat agree","Strongly agree",5
60,"post26_1","I would like to read more about spiders.","Level of Agreement","Strongly disagree","Somewhat disagree","Neither agree nor disagree","Somewhat agree","Strongly agree",3
60,"post26_2","I would like to know more about spiders.","Level of Agreement","Strongly disagree","Somewhat disagree","Neither agree nor disagree","Somewhat agree","Strongly agree",3
60,"post26_3","I would like to know more about how scientists study spiders.","Level of Agreement","Strongly disagree","Somewhat disagree","Neither agree nor disagree","Somewhat agree","Strongly agree",3
60,"post26_4","Greater attention should be given to spider protection.","Level of Agreement","Strongly disagree","Somewhat disagree","Neither agree nor disagree","Somewhat agree","Strongly agree",4
60,"post26_5","Spiders are interesting animals.","Level of Agreement","Strongly disagree","Somewhat disagree","Neither agree nor disagree","Somewhat agree","Strongly agree",3
60,"post26_6","People should use fewer chemicals in order to allow spiders to live.","Level of Agreement","Strongly disagree","Somewhat disagree","Neither agree nor disagree","Somewhat agree","Strongly agree",4
60,"post26_7","I would like to watch a spider constructing its web.","Level of Agreement","Strongly disagree","Somewhat disagree","Neither agree nor disagree","Somewhat agree","Strongly agree",3
66,"post26_1","I would like to read more about spiders.","Level of Agreement","Strongly disagree","Somewhat disagree","Neither agree nor disagree","Somewhat agree","Strongly agree",4
66,"post26_2","I would like to know more about spiders.","Level of Agreement","Strongly disagree","Somewhat disagree","Neither agree nor disagree","Somewhat agree","Strongly agree",5
66,"post26_3","I would like to know more about how scientists study spiders.","Level of Agreement","Strongly disagree","Somewhat disagree","Neither agree nor disagree","Somewhat agree","Strongly agree",4
66,"post26_4","Greater attention should be given to spider protection.","Level of Agreement","Strongly disagree","Somewhat disagree","Neither agree nor disagree","Somewhat agree","Strongly agree",4
66,"post26_5","Spiders are interesting animals.","Level of Agreement","Strongly disagree","Somewhat disagree","Neither agree nor disagree","Somewhat agree","Strongly agree",5
66,"post26_6","People should use fewer chemicals in order to allow spiders to live.","Level of Agreement","Strongly disagree","Somewhat disagree","Neither agree nor disagree","Somewhat agree","Strongly agree",4
66,"post26_7","I would like to watch a spider constructing its web.","Level of Agreement","Strongly disagree","Somewhat disagree","Neither agree nor disagree","Somewhat agree","Strongly agree",4
49,"post26_1","I would like to read more about spiders.","Level of Agreement","Strongly disagree","Somewhat disagree","Neither agree nor disagree","Somewhat agree","Strongly agree",4
49,"post26_2","I would like to know more about spiders.","Level of Agreement","Strongly disagree","Somewhat disagree","Neither agree nor disagree","Somewhat agree","Strongly agree",4
49,"post26_3","I would like to know more about how scientists study spiders.","Level of Agreement","Strongly disagree","Somewhat disagree","Neither agree nor disagree","Somewhat agree","Strongly agree",4
49,"post26_4","Greater attention should be given to spider protection.","Level of Agreement","Strongly disagree","Somewhat disagree","Neither agree nor disagree","Somewhat agree","Strongly agree",3
49,"post26_5","Spiders are interesting animals.","Level of Agreement","Strongly disagree","Somewhat disagree","Neither agree nor disagree","Somewhat agree","Strongly agree",4
49,"post26_6","People should use fewer chemicals in order to allow spiders to live.","Level of Agreement","Strongly disagree","Somewhat disagree","Neither agree nor disagree","Somewhat agree","Strongly agree",5
49,"post26_7","I would like to watch a spider constructing its web.","Level of Agreement","Strongly disagree","Somewhat disagree","Neither agree nor disagree","Somewhat agree","Strongly agree",4
38,"post26_1","I would like to read more about spiders.","Level of Agreement","Strongly disagree","Somewhat disagree","Neither agree nor disagree","Somewhat agree","Strongly agree",2
38,"post26_2","I would like to know more about spiders.","Level of Agreement","Strongly disagree","Somewhat disagree","Neither agree nor disagree","Somewhat agree","Strongly agree",4
38,"post26_3","I would like to know more about how scientists study spiders.","Level of Agreement","Strongly disagree","Somewhat disagree","Neither agree nor disagree","Somewhat agree","Strongly agree",4
38,"post26_4","Greater attention should be given to spider protection.","Level of Agreement","Strongly disagree","Somewhat disagree","Neither agree nor disagree","Somewhat agree","Strongly agree",2
38,"post26_5","Spiders are interesting animals.","Level of Agreement","Strongly disagree","Somewhat disagree","Neither agree nor disagree","Somewhat agree","Strongly agree",4
38,"post26_6","People should use fewer chemicals in order to allow spiders to live.","Level of Agreement","Strongly disagree","Somewhat disagree","Neither agree nor disagree","Somewhat agree","Strongly agree",2
38,"post26_7","I would like to watch a spider constructing its web.","Level of Agreement","Strongly disagree","Somewhat disagree","Neither agree nor disagree","Somewhat agree","Strongly agree",4
54,"post26_1","I would like to read more about spiders.","Level of Agreement","Strongly disagree","Somewhat disagree","Neither agree nor disagree","Somewhat agree","Strongly agree",5
54,"post26_2","I would like to know more about spiders.","Level of Agreement","Strongly disagree","Somewhat disagree","Neither agree nor disagree","Somewhat agree","Strongly agree",5
54,"post26_3","I would like to know more about how scientists study spiders.","Level of Agreement","Strongly disagree","Somewhat disagree","Neither agree nor disagree","Somewhat agree","Strongly agree",4
54,"post26_4","Greater attention should be given to spider protection.","Level of Agreement","Strongly disagree","Somewhat disagree","Neither agree nor disagree","Somewhat agree","Strongly agree",5
54,"post26_5","Spiders are interesting animals.","Level of Agreement","Strongly disagree","Somewhat disagree","Neither agree nor disagree","Somewhat agree","Strongly agree",5
54,"post26_6","People should use fewer chemicals in order to allow spiders to live.","Level of Agreement","Strongly disagree","Somewhat disagree","Neither agree nor disagree","Somewhat agree","Strongly agree",5
54,"post26_7","I would like to watch a spider constructing its web.","Level of Agreement","Strongly disagree","Somewhat disagree","Neither agree nor disagree","Somewhat agree","Strongly agree",5
53,"post26_1","I would like to read more about spiders.","Level of Agreement","Strongly disagree","Somewhat disagree","Neither agree nor disagree","Somewhat agree","Strongly agree",3
53,"post26_2","I would like to know more about spiders.","Level of Agreement","Strongly disagree","Somewhat disagree","Neither agree nor disagree","Somewhat agree","Strongly agree",4
53,"post26_3","I would like to know more about how scientists study spiders.","Level of Agreement","Strongly disagree","Somewhat disagree","Neither agree nor disagree","Somewhat agree","Strongly agree",4
53,"post26_4","Greater attention should be given to spider protection.","Level of Agreement","Strongly disagree","Somewhat disagree","Neither agree nor disagree","Somewhat agree","Strongly agree",4
53,"post26_5","Spiders are interesting animals.","Level of Agreement","Strongly disagree","Somewhat disagree","Neither agree nor disagree","Somewhat agree","Strongly agree",4
53,"post26_6","People should use fewer chemicals in order to allow spiders to live.","Level of Agreement","Strongly disagree","Somewhat disagree","Neither agree nor disagree","Somewhat agree","Strongly agree",5
53,"post26_7","I would like to watch a spider constructing its web.","Level of Agreement","Strongly disagree","Somewhat disagree","Neither agree nor disagree","Somewhat agree","Strongly agree",4
55,"post26_1","I would like to read more about spiders.","Level of Agreement","Strongly disagree","Somewhat disagree","Neither agree nor disagree","Somewhat agree","Strongly agree",3
55,"post26_2","I would like to know more about spiders.","Level of Agreement","Strongly disagree","Somewhat disagree","Neither agree nor disagree","Somewhat agree","Strongly agree",4
55,"post26_3","I would like to know more about how scientists study spiders.","Level of Agreement","Strongly disagree","Somewhat disagree","Neither agree nor disagree","Somewhat agree","Strongly agree",5
55,"post26_4","Greater attention should be given to spider protection.","Level of Agreement","Strongly disagree","Somewhat disagree","Neither agree nor disagree","Somewhat agree","Strongly agree",4
55,"post26_5","Spiders are interesting animals.","Level of Agreement","Strongly disagree","Somewhat disagree","Neither agree nor disagree","Somewhat agree","Strongly agree",4
55,"post26_6","People should use fewer chemicals in order to allow spiders to live.","Level of Agreement","Strongly disagree","Somewhat disagree","Neither agree nor disagree","Somewhat agree","Strongly agree",3
55,"post26_7","I would like to watch a spider constructing its web.","Level of Agreement","Strongly disagree","Somewhat disagree","Neither agree nor disagree","Somewhat agree","Strongly agree",5
45,"post26_1","I would like to read more about spiders.","Level of Agreement","Strongly disagree","Somewhat disagree","Neither agree nor disagree","Somewhat agree","Strongly agree",4
45,"post26_2","I would like to know more about spiders.","Level of Agreement","Strongly disagree","Somewhat disagree","Neither agree nor disagree","Somewhat agree","Strongly agree",4
45,"post26_3","I would like to know more about how scientists study spiders.","Level of Agreement","Strongly disagree","Somewhat disagree","Neither agree nor disagree","Somewhat agree","Strongly agree",4
45,"post26_4","Greater attention should be given to spider protection.","Level of Agreement","Strongly disagree","Somewhat disagree","Neither agree nor disagree","Somewhat agree","Strongly agree",4
45,"post26_5","Spiders are interesting animals.","Level of Agreement","Strongly disagree","Somewhat disagree","Neither agree nor disagree","Somewhat agree","Strongly agree",5
45,"post26_6","People should use fewer chemicals in order to allow spiders to live.","Level of Agreement","Strongly disagree","Somewhat disagree","Neither agree nor disagree","Somewhat agree","Strongly agree",4
45,"post26_7","I would like to watch a spider constructing its web.","Level of Agreement","Strongly disagree","Somewhat disagree","Neither agree nor disagree","Somewhat agree","Strongly agree",4
90,"post26_1","I would like to read more about spiders.","Level of Agreement","Strongly disagree","Somewhat disagree","Neither agree nor disagree","Somewhat agree","Strongly agree",5
90,"post26_2","I would like to know more about spiders.","Level of Agreement","Strongly disagree","Somewhat disagree","Neither agree nor disagree","Somewhat agree","Strongly agree",5
90,"post26_3","I would like to know more about how scientists study spiders.","Level of Agreement","Strongly disagree","Somewhat disagree","Neither agree nor disagree","Somewhat agree","Strongly agree",5
90,"post26_4","Greater attention should be given to spider protection.","Level of Agreement","Strongly disagree","Somewhat disagree","Neither agree nor disagree","Somewhat agree","Strongly agree",5
90,"post26_5","Spiders are interesting animals.","Level of Agreement","Strongly disagree","Somewhat disagree","Neither agree nor disagree","Somewhat agree","Strongly agree",5
90,"post26_6","People should use fewer chemicals in order to allow spiders to live.","Level of Agreement","Strongly disagree","Somewhat disagree","Neither agree nor disagree","Somewhat agree","Strongly agree",5
90,"post26_7","I would like to watch a spider constructing its web.","Level of Agreement","Strongly disagree","Somewhat disagree","Neither agree nor disagree","Somewhat agree","Strongly agree",5
65,"post26_1","I would like to read more about spiders.","Level of Agreement","Strongly disagree","Somewhat disagree","Neither agree nor disagree","Somewhat agree","Strongly agree",3
65,"post26_2","I would like to know more about spiders.","Level of Agreement","Strongly disagree","Somewhat disagree","Neither agree nor disagree","Somewhat agree","Strongly agree",2
65,"post26_3","I would like to know more about how scientists study spiders.","Level of Agreement","Strongly disagree","Somewhat disagree","Neither agree nor disagree","Somewhat agree","Strongly agree",4
65,"post26_4","Greater attention should be given to spider protection.","Level of Agreement","Strongly disagree","Somewhat disagree","Neither agree nor disagree","Somewhat agree","Strongly agree",4
65,"post26_5","Spiders are interesting animals.","Level of Agreement","Strongly disagree","Somewhat disagree","Neither agree nor disagree","Somewhat agree","Strongly agree",3
65,"post26_6","People should use fewer chemicals in order to allow spiders to live.","Level of Agreement","Strongly disagree","Somewhat disagree","Neither agree nor disagree","Somewhat agree","Strongly agree",4
65,"post26_7","I would like to watch a spider constructing its web.","Level of Agreement","Strongly disagree","Somewhat disagree","Neither agree nor disagree","Somewhat agree","Strongly agree",3
87,"post26_1","I would like to read more about spiders.","Level of Agreement","Strongly disagree","Somewhat disagree","Neither agree nor disagree","Somewhat agree","Strongly agree",3
87,"post26_2","I would like to know more about spiders.","Level of Agreement","Strongly disagree","Somewhat disagree","Neither agree nor disagree","Somewhat agree","Strongly agree",3
87,"post26_3","I would like to know more about how scientists study spiders.","Level of Agreement","Strongly disagree","Somewhat disagree","Neither agree nor disagree","Somewhat agree","Strongly agree",3
87,"post26_4","Greater attention should be given to spider protection.","Level of Agreement","Strongly disagree","Somewhat disagree","Neither agree nor disagree","Somewhat agree","Strongly agree",3
87,"post26_5","Spiders are interesting animals.","Level of Agreement","Strongly disagree","Somewhat disagree","Neither agree nor disagree","Somewhat agree","Strongly agree",4
87,"post26_6","People should use fewer chemicals in order to allow spiders to live.","Level of Agreement","Strongly disagree","Somewhat disagree","Neither agree nor disagree","Somewhat agree","Strongly agree",3
87,"post26_7","I would like to watch a spider constructing its web.","Level of Agreement","Strongly disagree","Somewhat disagree","Neither agree nor disagree","Somewhat agree","Strongly agree",3
43,"post26_1","I would like to read more about spiders.","Level of Agreement","Strongly disagree","Somewhat disagree","Neither agree nor disagree","Somewhat agree","Strongly agree",3
43,"post26_2","I would like to know more about spiders.","Level of Agreement","Strongly disagree","Somewhat disagree","Neither agree nor disagree","Somewhat agree","Strongly agree",4
43,"post26_3","I would like to know more about how scientists study spiders.","Level of Agreement","Strongly disagree","Somewhat disagree","Neither agree nor disagree","Somewhat agree","Strongly agree",3
43,"post26_4","Greater attention should be given to spider protection.","Level of Agreement","Strongly disagree","Somewhat disagree","Neither agree nor disagree","Somewhat agree","Strongly agree",5
43,"post26_5","Spiders are interesting animals.","Level of Agreement","Strongly disagree","Somewhat disagree","Neither agree nor disagree","Somewhat agree","Strongly agree",5
43,"post26_6","People should use fewer chemicals in order to allow spiders to live.","Level of Agreement","Strongly disagree","Somewhat disagree","Neither agree nor disagree","Somewhat agree","Strongly agree",5
43,"post26_7","I would like to watch a spider constructing its web.","Level of Agreement","Strongly disagree","Somewhat disagree","Neither agree nor disagree","Somewhat agree","Strongly agree",5
62,"post26_1","I would like to read more about spiders.","Level of Agreement","Strongly disagree","Somewhat disagree","Neither agree nor disagree","Somewhat agree","Strongly agree",NULL
62,"post26_2","I would like to know more about spiders.","Level of Agreement","Strongly disagree","Somewhat disagree","Neither agree nor disagree","Somewhat agree","Strongly agree",NULL
62,"post26_3","I would like to know more about how scientists study spiders.","Level of Agreement","Strongly disagree","Somewhat disagree","Neither agree nor disagree","Somewhat agree","Strongly agree",NULL
62,"post26_4","Greater attention should be given to spider protection.","Level of Agreement","Strongly disagree","Somewhat disagree","Neither agree nor disagree","Somewhat agree","Strongly agree",NULL
62,"post26_5","Spiders are interesting animals.","Level of Agreement","Strongly disagree","Somewhat disagree","Neither agree nor disagree","Somewhat agree","Strongly agree",NULL
62,"post26_6","People should use fewer chemicals in order to allow spiders to live.","Level of Agreement","Strongly disagree","Somewhat disagree","Neither agree nor disagree","Somewhat agree","Strongly agree",NULL
62,"post26_7","I would like to watch a spider constructing its web.","Level of Agreement","Strongly disagree","Somewhat disagree","Neither agree nor disagree","Somewhat agree","Strongly agree",NULL
76,"post26_1","I would like to read more about spiders.","Level of Agreement","Strongly disagree","Somewhat disagree","Neither agree nor disagree","Somewhat agree","Strongly agree",NULL
76,"post26_2","I would like to know more about spiders.","Level of Agreement","Strongly disagree","Somewhat disagree","Neither agree nor disagree","Somewhat agree","Strongly agree",NULL
76,"post26_3","I would like to know more about how scientists study spiders.","Level of Agreement","Strongly disagree","Somewhat disagree","Neither agree nor disagree","Somewhat agree","Strongly agree",NULL
76,"post26_4","Greater attention should be given to spider protection.","Level of Agreement","Strongly disagree","Somewhat disagree","Neither agree nor disagree","Somewhat agree","Strongly agree",NULL
76,"post26_5","Spiders are interesting animals.","Level of Agreement","Strongly disagree","Somewhat disagree","Neither agree nor disagree","Somewhat agree","Strongly agree",NULL
76,"post26_6","People should use fewer chemicals in order to allow spiders to live.","Level of Agreement","Strongly disagree","Somewhat disagree","Neither agree nor disagree","Somewhat agree","Strongly agree",NULL
76,"post26_7","I would like to watch a spider constructing its web.","Level of Agreement","Strongly disagree","Somewhat disagree","Neither agree nor disagree","Somewhat agree","Strongly agree",NULL
96,"post26_1","I would like to read more about spiders.","Level of Agreement","Strongly disagree","Somewhat disagree","Neither agree nor disagree","Somewhat agree","Strongly agree",4
96,"post26_2","I would like to know more about spiders.","Level of Agreement","Strongly disagree","Somewhat disagree","Neither agree nor disagree","Somewhat agree","Strongly agree",4
96,"post26_3","I would like to know more about how scientists study spiders.","Level of Agreement","Strongly disagree","Somewhat disagree","Neither agree nor disagree","Somewhat agree","Strongly agree",4
96,"post26_4","Greater attention should be given to spider protection.","Level of Agreement","Strongly disagree","Somewhat disagree","Neither agree nor disagree","Somewhat agree","Strongly agree",4
96,"post26_5","Spiders are interesting animals.","Level of Agreement","Strongly disagree","Somewhat disagree","Neither agree nor disagree","Somewhat agree","Strongly agree",4
96,"post26_6","People should use fewer chemicals in order to allow spiders to live.","Level of Agreement","Strongly disagree","Somewhat disagree","Neither agree nor disagree","Somewhat agree","Strongly agree",4
96,"post26_7","I would like to watch a spider constructing its web.","Level of Agreement","Strongly disagree","Somewhat disagree","Neither agree nor disagree","Somewhat agree","Strongly agree",4
103,"post26_1","I would like to read more about spiders.","Level of Agreement","Strongly disagree","Somewhat disagree","Neither agree nor disagree","Somewhat agree","Strongly agree",4
103,"post26_2","I would like to know more about spiders.","Level of Agreement","Strongly disagree","Somewhat disagree","Neither agree nor disagree","Somewhat agree","Strongly agree",4
103,"post26_3","I would like to know more about how scientists study spiders.","Level of Agreement","Strongly disagree","Somewhat disagree","Neither agree nor disagree","Somewhat agree","Strongly agree",4
103,"post26_4","Greater attention should be given to spider protection.","Level of Agreement","Strongly disagree","Somewhat disagree","Neither agree nor disagree","Somewhat agree","Strongly agree",4
103,"post26_5","Spiders are interesting animals.","Level of Agreement","Strongly disagree","Somewhat disagree","Neither agree nor disagree","Somewhat agree","Strongly agree",5
103,"post26_6","People should use fewer chemicals in order to allow spiders to live.","Level of Agreement","Strongly disagree","Somewhat disagree","Neither agree nor disagree","Somewhat agree","Strongly agree",3
103,"post26_7","I would like to watch a spider constructing its web.","Level of Agreement","Strongly disagree","Somewhat disagree","Neither agree nor disagree","Somewhat agree","Strongly agree",4
83,"post26_1","I would like to read more about spiders.","Level of Agreement","Strongly disagree","Somewhat disagree","Neither agree nor disagree","Somewhat agree","Strongly agree",4
83,"post26_2","I would like to know more about spiders.","Level of Agreement","Strongly disagree","Somewhat disagree","Neither agree nor disagree","Somewhat agree","Strongly agree",5
83,"post26_3","I would like to know more about how scientists study spiders.","Level of Agreement","Strongly disagree","Somewhat disagree","Neither agree nor disagree","Somewhat agree","Strongly agree",5
83,"post26_4","Greater attention should be given to spider protection.","Level of Agreement","Strongly disagree","Somewhat disagree","Neither agree nor disagree","Somewhat agree","Strongly agree",4
83,"post26_5","Spiders are interesting animals.","Level of Agreement","Strongly disagree","Somewhat disagree","Neither agree nor disagree","Somewhat agree","Strongly agree",5
83,"post26_6","People should use fewer chemicals in order to allow spiders to live.","Level of Agreement","Strongly disagree","Somewhat disagree","Neither agree nor disagree","Somewhat agree","Strongly agree",5
83,"post26_7","I would like to watch a spider constructing its web.","Level of Agreement","Strongly disagree","Somewhat disagree","Neither agree nor disagree","Somewhat agree","Strongly agree",5
27,"post26_1","I would like to read more about spiders.","Level of Agreement","Strongly disagree","Somewhat disagree","Neither agree nor disagree","Somewhat agree","Strongly agree",4
27,"post26_2","I would like to know more about spiders.","Level of Agreement","Strongly disagree","Somewhat disagree","Neither agree nor disagree","Somewhat agree","Strongly agree",4
27,"post26_3","I would like to know more about how scientists study spiders.","Level of Agreement","Strongly disagree","Somewhat disagree","Neither agree nor disagree","Somewhat agree","Strongly agree",4
27,"post26_4","Greater attention should be given to spider protection.","Level of Agreement","Strongly disagree","Somewhat disagree","Neither agree nor disagree","Somewhat agree","Strongly agree",4
27,"post26_5","Spiders are interesting animals.","Level of Agreement","Strongly disagree","Somewhat disagree","Neither agree nor disagree","Somewhat agree","Strongly agree",4
27,"post26_6","People should use fewer chemicals in order to allow spiders to live.","Level of Agreement","Strongly disagree","Somewhat disagree","Neither agree nor disagree","Somewhat agree","Strongly agree",4
27,"post26_7","I would like to watch a spider constructing its web.","Level of Agreement","Strongly disagree","Somewhat disagree","Neither agree nor disagree","Somewhat agree","Strongly agree",4
85,"post26_1","I would like to read more about spiders.","Level of Agreement","Strongly disagree","Somewhat disagree","Neither agree nor disagree","Somewhat agree","Strongly agree",3
85,"post26_2","I would like to know more about spiders.","Level of Agreement","Strongly disagree","Somewhat disagree","Neither agree nor disagree","Somewhat agree","Strongly agree",3
85,"post26_3","I would like to know more about how scientists study spiders.","Level of Agreement","Strongly disagree","Somewhat disagree","Neither agree nor disagree","Somewhat agree","Strongly agree",4
85,"post26_4","Greater attention should be given to spider protection.","Level of Agreement","Strongly disagree","Somewhat disagree","Neither agree nor disagree","Somewhat agree","Strongly agree",4
85,"post26_5","Spiders are interesting animals.","Level of Agreement","Strongly disagree","Somewhat disagree","Neither agree nor disagree","Somewhat agree","Strongly agree",4
85,"post26_6","People should use fewer chemicals in order to allow spiders to live.","Level of Agreement","Strongly disagree","Somewhat disagree","Neither agree nor disagree","Somewhat agree","Strongly agree",3
85,"post26_7","I would like to watch a spider constructing its web.","Level of Agreement","Strongly disagree","Somewhat disagree","Neither agree nor disagree","Somewhat agree","Strongly agree",3
30,"post26_1","I would like to read more about spiders.","Level of Agreement","Strongly disagree","Somewhat disagree","Neither agree nor disagree","Somewhat agree","Strongly agree",4
30,"post26_2","I would like to know more about spiders.","Level of Agreement","Strongly disagree","Somewhat disagree","Neither agree nor disagree","Somewhat agree","Strongly agree",4
30,"post26_3","I would like to know more about how scientists study spiders.","Level of Agreement","Strongly disagree","Somewhat disagree","Neither agree nor disagree","Somewhat agree","Strongly agree",4
30,"post26_4","Greater attention should be given to spider protection.","Level of Agreement","Strongly disagree","Somewhat disagree","Neither agree nor disagree","Somewhat agree","Strongly agree",5
30,"post26_5","Spiders are interesting animals.","Level of Agreement","Strongly disagree","Somewhat disagree","Neither agree nor disagree","Somewhat agree","Strongly agree",5
30,"post26_6","People should use fewer chemicals in order to allow spiders to live.","Level of Agreement","Strongly disagree","Somewhat disagree","Neither agree nor disagree","Somewhat agree","Strongly agree",5
30,"post26_7","I would like to watch a spider constructing its web.","Level of Agreement","Strongly disagree","Somewhat disagree","Neither agree nor disagree","Somewhat agree","Strongly agree",5
81,"post26_1","I would like to read more about spiders.","Level of Agreement","Strongly disagree","Somewhat disagree","Neither agree nor disagree","Somewhat agree","Strongly agree",4
81,"post26_2","I would like to know more about spiders.","Level of Agreement","Strongly disagree","Somewhat disagree","Neither agree nor disagree","Somewhat agree","Strongly agree",5
81,"post26_3","I would like to know more about how scientists study spiders.","Level of Agreement","Strongly disagree","Somewhat disagree","Neither agree nor disagree","Somewhat agree","Strongly agree",4
81,"post26_4","Greater attention should be given to spider protection.","Level of Agreement","Strongly disagree","Somewhat disagree","Neither agree nor disagree","Somewhat agree","Strongly agree",5
81,"post26_5","Spiders are interesting animals.","Level of Agreement","Strongly disagree","Somewhat disagree","Neither agree nor disagree","Somewhat agree","Strongly agree",4
81,"post26_6","People should use fewer chemicals in order to allow spiders to live.","Level of Agreement","Strongly disagree","Somewhat disagree","Neither agree nor disagree","Somewhat agree","Strongly agree",4
81,"post26_7","I would like to watch a spider constructing its web.","Level of Agreement","Strongly disagree","Somewhat disagree","Neither agree nor disagree","Somewhat agree","Strongly agree",4
82,"post26_1","I would like to read more about spiders.","Level of Agreement","Strongly disagree","Somewhat disagree","Neither agree nor disagree","Somewhat agree","Strongly agree",3
82,"post26_2","I would like to know more about spiders.","Level of Agreement","Strongly disagree","Somewhat disagree","Neither agree nor disagree","Somewhat agree","Strongly agree",3
82,"post26_3","I would like to know more about how scientists study spiders.","Level of Agreement","Strongly disagree","Somewhat disagree","Neither agree nor disagree","Somewhat agree","Strongly agree",3
82,"post26_4","Greater attention should be given to spider protection.","Level of Agreement","Strongly disagree","Somewhat disagree","Neither agree nor disagree","Somewhat agree","Strongly agree",3
82,"post26_5","Spiders are interesting animals.","Level of Agreement","Strongly disagree","Somewhat disagree","Neither agree nor disagree","Somewhat agree","Strongly agree",3
82,"post26_6","People should use fewer chemicals in order to allow spiders to live.","Level of Agreement","Strongly disagree","Somewhat disagree","Neither agree nor disagree","Somewhat agree","Strongly agree",3
82,"post26_7","I would like to watch a spider constructing its web.","Level of Agreement","Strongly disagree","Somewhat disagree","Neither agree nor disagree","Somewhat agree","Strongly agree",3
20,"post26_1","I would like to read more about spiders.","Level of Agreement","Strongly disagree","Somewhat disagree","Neither agree nor disagree","Somewhat agree","Strongly agree",2
20,"post26_2","I would like to know more about spiders.","Level of Agreement","Strongly disagree","Somewhat disagree","Neither agree nor disagree","Somewhat agree","Strongly agree",2
20,"post26_3","I would like to know more about how scientists study spiders.","Level of Agreement","Strongly disagree","Somewhat disagree","Neither agree nor disagree","Somewhat agree","Strongly agree",4
20,"post26_4","Greater attention should be given to spider protection.","Level of Agreement","Strongly disagree","Somewhat disagree","Neither agree nor disagree","Somewhat agree","Strongly agree",4
20,"post26_5","Spiders are interesting animals.","Level of Agreement","Strongly disagree","Somewhat disagree","Neither agree nor disagree","Somewhat agree","Strongly agree",4
20,"post26_6","People should use fewer chemicals in order to allow spiders to live.","Level of Agreement","Strongly disagree","Somewhat disagree","Neither agree nor disagree","Somewhat agree","Strongly agree",4
20,"post26_7","I would like to watch a spider constructing its web.","Level of Agreement","Strongly disagree","Somewhat disagree","Neither agree nor disagree","Somewhat agree","Strongly agree",2
18,"post26_1","I would like to read more about spiders.","Level of Agreement","Strongly disagree","Somewhat disagree","Neither agree nor disagree","Somewhat agree","Strongly agree",4
18,"post26_2","I would like to know more about spiders.","Level of Agreement","Strongly disagree","Somewhat disagree","Neither agree nor disagree","Somewhat agree","Strongly agree",4
18,"post26_3","I would like to know more about how scientists study spiders.","Level of Agreement","Strongly disagree","Somewhat disagree","Neither agree nor disagree","Somewhat agree","Strongly agree",5
18,"post26_4","Greater attention should be given to spider protection.","Level of Agreement","Strongly disagree","Somewhat disagree","Neither agree nor disagree","Somewhat agree","Strongly agree",4
18,"post26_5","Spiders are interesting animals.","Level of Agreement","Strongly disagree","Somewhat disagree","Neither agree nor disagree","Somewhat agree","Strongly agree",5
18,"post26_6","People should use fewer chemicals in order to allow spiders to live.","Level of Agreement","Strongly disagree","Somewhat disagree","Neither agree nor disagree","Somewhat agree","Strongly agree",3
18,"post26_7","I would like to watch a spider constructing its web.","Level of Agreement","Strongly disagree","Somewhat disagree","Neither agree nor disagree","Somewhat agree","Strongly agree",5
15,"post26_1","I would like to read more about spiders.","Level of Agreement","Strongly disagree","Somewhat disagree","Neither agree nor disagree","Somewhat agree","Strongly agree",4
15,"post26_2","I would like to know more about spiders.","Level of Agreement","Strongly disagree","Somewhat disagree","Neither agree nor disagree","Somewhat agree","Strongly agree",4
15,"post26_3","I would like to know more about how scientists study spiders.","Level of Agreement","Strongly disagree","Somewhat disagree","Neither agree nor disagree","Somewhat agree","Strongly agree",5
15,"post26_4","Greater attention should be given to spider protection.","Level of Agreement","Strongly disagree","Somewhat disagree","Neither agree nor disagree","Somewhat agree","Strongly agree",3
15,"post26_5","Spiders are interesting animals.","Level of Agreement","Strongly disagree","Somewhat disagree","Neither agree nor disagree","Somewhat agree","Strongly agree",5
15,"post26_6","People should use fewer chemicals in order to allow spiders to live.","Level of Agreement","Strongly disagree","Somewhat disagree","Neither agree nor disagree","Somewhat agree","Strongly agree",4
15,"post26_7","I would like to watch a spider constructing its web.","Level of Agreement","Strongly disagree","Somewhat disagree","Neither agree nor disagree","Somewhat agree","Strongly agree",4
93,"post26_1","I would like to read more about spiders.","Level of Agreement","Strongly disagree","Somewhat disagree","Neither agree nor disagree","Somewhat agree","Strongly agree",2
93,"post26_2","I would like to know more about spiders.","Level of Agreement","Strongly disagree","Somewhat disagree","Neither agree nor disagree","Somewhat agree","Strongly agree",3
93,"post26_3","I would like to know more about how scientists study spiders.","Level of Agreement","Strongly disagree","Somewhat disagree","Neither agree nor disagree","Somewhat agree","Strongly agree",3
93,"post26_4","Greater attention should be given to spider protection.","Level of Agreement","Strongly disagree","Somewhat disagree","Neither agree nor disagree","Somewhat agree","Strongly agree",2
93,"post26_5","Spiders are interesting animals.","Level of Agreement","Strongly disagree","Somewhat disagree","Neither agree nor disagree","Somewhat agree","Strongly agree",NULL
93,"post26_6","People should use fewer chemicals in order to allow spiders to live.","Level of Agreement","Strongly disagree","Somewhat disagree","Neither agree nor disagree","Somewhat agree","Strongly agree",1
93,"post26_7","I would like to watch a spider constructing its web.","Level of Agreement","Strongly disagree","Somewhat disagree","Neither agree nor disagree","Somewhat agree","Strongly agree",3
25,"post26_1","I would like to read more about spiders.","Level of Agreement","Strongly disagree","Somewhat disagree","Neither agree nor disagree","Somewhat agree","Strongly agree",3
25,"post26_2","I would like to know more about spiders.","Level of Agreement","Strongly disagree","Somewhat disagree","Neither agree nor disagree","Somewhat agree","Strongly agree",4
25,"post26_3","I would like to know more about how scientists study spiders.","Level of Agreement","Strongly disagree","Somewhat disagree","Neither agree nor disagree","Somewhat agree","Strongly agree",4
25,"post26_4","Greater attention should be given to spider protection.","Level of Agreement","Strongly disagree","Somewhat disagree","Neither agree nor disagree","Somewhat agree","Strongly agree",3
25,"post26_5","Spiders are interesting animals.","Level of Agreement","Strongly disagree","Somewhat disagree","Neither agree nor disagree","Somewhat agree","Strongly agree",4
25,"post26_6","People should use fewer chemicals in order to allow spiders to live.","Level of Agreement","Strongly disagree","Somewhat disagree","Neither agree nor disagree","Somewhat agree","Strongly agree",5
25,"post26_7","I would like to watch a spider constructing its web.","Level of Agreement","Strongly disagree","Somewhat disagree","Neither agree nor disagree","Somewhat agree","Strongly agree",5
36,"post26_1","I would like to read more about spiders.","Level of Agreement","Strongly disagree","Somewhat disagree","Neither agree nor disagree","Somewhat agree","Strongly agree",5
36,"post26_2","I would like to know more about spiders.","Level of Agreement","Strongly disagree","Somewhat disagree","Neither agree nor disagree","Somewhat agree","Strongly agree",5
36,"post26_3","I would like to know more about how scientists study spiders.","Level of Agreement","Strongly disagree","Somewhat disagree","Neither agree nor disagree","Somewhat agree","Strongly agree",5
36,"post26_4","Greater attention should be given to spider protection.","Level of Agreement","Strongly disagree","Somewhat disagree","Neither agree nor disagree","Somewhat agree","Strongly agree",5
36,"post26_5","Spiders are interesting animals.","Level of Agreement","Strongly disagree","Somewhat disagree","Neither agree nor disagree","Somewhat agree","Strongly agree",5
36,"post26_6","People should use fewer chemicals in order to allow spiders to live.","Level of Agreement","Strongly disagree","Somewhat disagree","Neither agree nor disagree","Somewhat agree","Strongly agree",5
36,"post26_7","I would like to watch a spider constructing its web.","Level of Agreement","Strongly disagree","Somewhat disagree","Neither agree nor disagree","Somewhat agree","Strongly agree",5
41,"post26_1","I would like to read more about spiders.","Level of Agreement","Strongly disagree","Somewhat disagree","Neither agree nor disagree","Somewhat agree","Strongly agree",3
41,"post26_2","I would like to know more about spiders.","Level of Agreement","Strongly disagree","Somewhat disagree","Neither agree nor disagree","Somewhat agree","Strongly agree",4
41,"post26_3","I would like to know more about how scientists study spiders.","Level of Agreement","Strongly disagree","Somewhat disagree","Neither agree nor disagree","Somewhat agree","Strongly agree",5
41,"post26_4","Greater attention should be given to spider protection.","Level of Agreement","Strongly disagree","Somewhat disagree","Neither agree nor disagree","Somewhat agree","Strongly agree",3
41,"post26_5","Spiders are interesting animals.","Level of Agreement","Strongly disagree","Somewhat disagree","Neither agree nor disagree","Somewhat agree","Strongly agree",4
41,"post26_6","People should use fewer chemicals in order to allow spiders to live.","Level of Agreement","Strongly disagree","Somewhat disagree","Neither agree nor disagree","Somewhat agree","Strongly agree",4
41,"post26_7","I would like to watch a spider constructing its web.","Level of Agreement","Strongly disagree","Somewhat disagree","Neither agree nor disagree","Somewhat agree","Strongly agree",5
21,"post26_1","I would like to read more about spiders.","Level of Agreement","Strongly disagree","Somewhat disagree","Neither agree nor disagree","Somewhat agree","Strongly agree",4
21,"post26_2","I would like to know more about spiders.","Level of Agreement","Strongly disagree","Somewhat disagree","Neither agree nor disagree","Somewhat agree","Strongly agree",4
21,"post26_3","I would like to know more about how scientists study spiders.","Level of Agreement","Strongly disagree","Somewhat disagree","Neither agree nor disagree","Somewhat agree","Strongly agree",4
21,"post26_4","Greater attention should be given to spider protection.","Level of Agreement","Strongly disagree","Somewhat disagree","Neither agree nor disagree","Somewhat agree","Strongly agree",4
21,"post26_5","Spiders are interesting animals.","Level of Agreement","Strongly disagree","Somewhat disagree","Neither agree nor disagree","Somewhat agree","Strongly agree",4
21,"post26_6","People should use fewer chemicals in order to allow spiders to live.","Level of Agreement","Strongly disagree","Somewhat disagree","Neither agree nor disagree","Somewhat agree","Strongly agree",3
21,"post26_7","I would like to watch a spider constructing its web.","Level of Agreement","Strongly disagree","Somewhat disagree","Neither agree nor disagree","Somewhat agree","Strongly agree",4
14,"post26_1","I would like to read more about spiders.","Level of Agreement","Strongly disagree","Somewhat disagree","Neither agree nor disagree","Somewhat agree","Strongly agree",5
14,"post26_2","I would like to know more about spiders.","Level of Agreement","Strongly disagree","Somewhat disagree","Neither agree nor disagree","Somewhat agree","Strongly agree",5
14,"post26_3","I would like to know more about how scientists study spiders.","Level of Agreement","Strongly disagree","Somewhat disagree","Neither agree nor disagree","Somewhat agree","Strongly agree",5
14,"post26_4","Greater attention should be given to spider protection.","Level of Agreement","Strongly disagree","Somewhat disagree","Neither agree nor disagree","Somewhat agree","Strongly agree",5
14,"post26_5","Spiders are interesting animals.","Level of Agreement","Strongly disagree","Somewhat disagree","Neither agree nor disagree","Somewhat agree","Strongly agree",5
14,"post26_6","People should use fewer chemicals in order to allow spiders to live.","Level of Agreement","Strongly disagree","Somewhat disagree","Neither agree nor disagree","Somewhat agree","Strongly agree",5
14,"post26_7","I would like to watch a spider constructing its web.","Level of Agreement","Strongly disagree","Somewhat disagree","Neither agree nor disagree","Somewhat agree","Strongly agree",5
67,"post26_1","I would like to read more about spiders.","Level of Agreement","Strongly disagree","Somewhat disagree","Neither agree nor disagree","Somewhat agree","Strongly agree",4
67,"post26_2","I would like to know more about spiders.","Level of Agreement","Strongly disagree","Somewhat disagree","Neither agree nor disagree","Somewhat agree","Strongly agree",4
67,"post26_3","I would like to know more about how scientists study spiders.","Level of Agreement","Strongly disagree","Somewhat disagree","Neither agree nor disagree","Somewhat agree","Strongly agree",5
67,"post26_4","Greater attention should be given to spider protection.","Level of Agreement","Strongly disagree","Somewhat disagree","Neither agree nor disagree","Somewhat agree","Strongly agree",4
67,"post26_5","Spiders are interesting animals.","Level of Agreement","Strongly disagree","Somewhat disagree","Neither agree nor disagree","Somewhat agree","Strongly agree",4
67,"post26_6","People should use fewer chemicals in order to allow spiders to live.","Level of Agreement","Strongly disagree","Somewhat disagree","Neither agree nor disagree","Somewhat agree","Strongly agree",4
67,"post26_7","I would like to watch a spider constructing its web.","Level of Agreement","Strongly disagree","Somewhat disagree","Neither agree nor disagree","Somewhat agree","Strongly agree",4
106,"post26_1","I would like to read more about spiders.","Level of Agreement","Strongly disagree","Somewhat disagree","Neither agree nor disagree","Somewhat agree","Strongly agree",4
106,"post26_2","I would like to know more about spiders.","Level of Agreement","Strongly disagree","Somewhat disagree","Neither agree nor disagree","Somewhat agree","Strongly agree",4
106,"post26_3","I would like to know more about how scientists study spiders.","Level of Agreement","Strongly disagree","Somewhat disagree","Neither agree nor disagree","Somewhat agree","Strongly agree",4
106,"post26_4","Greater attention should be given to spider protection.","Level of Agreement","Strongly disagree","Somewhat disagree","Neither agree nor disagree","Somewhat agree","Strongly agree",4
106,"post26_5","Spiders are interesting animals.","Level of Agreement","Strongly disagree","Somewhat disagree","Neither agree nor disagree","Somewhat agree","Strongly agree",4
106,"post26_6","People should use fewer chemicals in order to allow spiders to live.","Level of Agreement","Strongly disagree","Somewhat disagree","Neither agree nor disagree","Somewhat agree","Strongly agree",2
106,"post26_7","I would like to watch a spider constructing its web.","Level of Agreement","Strongly disagree","Somewhat disagree","Neither agree nor disagree","Somewhat agree","Strongly agree",4
86,"post26_1","I would like to read more about spiders.","Level of Agreement","Strongly disagree","Somewhat disagree","Neither agree nor disagree","Somewhat agree","Strongly agree",3
86,"post26_2","I would like to know more about spiders.","Level of Agreement","Strongly disagree","Somewhat disagree","Neither agree nor disagree","Somewhat agree","Strongly agree",4
86,"post26_3","I would like to know more about how scientists study spiders.","Level of Agreement","Strongly disagree","Somewhat disagree","Neither agree nor disagree","Somewhat agree","Strongly agree",4
86,"post26_4","Greater attention should be given to spider protection.","Level of Agreement","Strongly disagree","Somewhat disagree","Neither agree nor disagree","Somewhat agree","Strongly agree",4
86,"post26_5","Spiders are interesting animals.","Level of Agreement","Strongly disagree","Somewhat disagree","Neither agree nor disagree","Somewhat agree","Strongly agree",4
86,"post26_6","People should use fewer chemicals in order to allow spiders to live.","Level of Agreement","Strongly disagree","Somewhat disagree","Neither agree nor disagree","Somewhat agree","Strongly agree",4
86,"post26_7","I would like to watch a spider constructing its web.","Level of Agreement","Strongly disagree","Somewhat disagree","Neither agree nor disagree","Somewhat agree","Strongly agree",4
35,"post26_1","I would like to read more about spiders.","Level of Agreement","Strongly disagree","Somewhat disagree","Neither agree nor disagree","Somewhat agree","Strongly agree",4
35,"post26_2","I would like to know more about spiders.","Level of Agreement","Strongly disagree","Somewhat disagree","Neither agree nor disagree","Somewhat agree","Strongly agree",5
35,"post26_3","I would like to know more about how scientists study spiders.","Level of Agreement","Strongly disagree","Somewhat disagree","Neither agree nor disagree","Somewhat agree","Strongly agree",5
35,"post26_4","Greater attention should be given to spider protection.","Level of Agreement","Strongly disagree","Somewhat disagree","Neither agree nor disagree","Somewhat agree","Strongly agree",5
35,"post26_5","Spiders are interesting animals.","Level of Agreement","Strongly disagree","Somewhat disagree","Neither agree nor disagree","Somewhat agree","Strongly agree",5
35,"post26_6","People should use fewer chemicals in order to allow spiders to live.","Level of Agreement","Strongly disagree","Somewhat disagree","Neither agree nor disagree","Somewhat agree","Strongly agree",5
35,"post26_7","I would like to watch a spider constructing its web.","Level of Agreement","Strongly disagree","Somewhat disagree","Neither agree nor disagree","Somewhat agree","Strongly agree",5
108,"post26_1","I would like to read more about spiders.","Level of Agreement","Strongly disagree","Somewhat disagree","Neither agree nor disagree","Somewhat agree","Strongly agree",4
108,"post26_2","I would like to know more about spiders.","Level of Agreement","Strongly disagree","Somewhat disagree","Neither agree nor disagree","Somewhat agree","Strongly agree",4
108,"post26_3","I would like to know more about how scientists study spiders.","Level of Agreement","Strongly disagree","Somewhat disagree","Neither agree nor disagree","Somewhat agree","Strongly agree",4
108,"post26_4","Greater attention should be given to spider protection.","Level of Agreement","Strongly disagree","Somewhat disagree","Neither agree nor disagree","Somewhat agree","Strongly agree",4
108,"post26_5","Spiders are interesting animals.","Level of Agreement","Strongly disagree","Somewhat disagree","Neither agree nor disagree","Somewhat agree","Strongly agree",4
108,"post26_6","People should use fewer chemicals in order to allow spiders to live.","Level of Agreement","Strongly disagree","Somewhat disagree","Neither agree nor disagree","Somewhat agree","Strongly agree",4
108,"post26_7","I would like to watch a spider constructing its web.","Level of Agreement","Strongly disagree","Somewhat disagree","Neither agree nor disagree","Somewhat agree","Strongly agree",4
72,"post26_1","I would like to read more about spiders.","Level of Agreement","Strongly disagree","Somewhat disagree","Neither agree nor disagree","Somewhat agree","Strongly agree",5
72,"post26_2","I would like to know more about spiders.","Level of Agreement","Strongly disagree","Somewhat disagree","Neither agree nor disagree","Somewhat agree","Strongly agree",5
72,"post26_3","I would like to know more about how scientists study spiders.","Level of Agreement","Strongly disagree","Somewhat disagree","Neither agree nor disagree","Somewhat agree","Strongly agree",5
72,"post26_4","Greater attention should be given to spider protection.","Level of Agreement","Strongly disagree","Somewhat disagree","Neither agree nor disagree","Somewhat agree","Strongly agree",5
72,"post26_5","Spiders are interesting animals.","Level of Agreement","Strongly disagree","Somewhat disagree","Neither agree nor disagree","Somewhat agree","Strongly agree",5
72,"post26_6","People should use fewer chemicals in order to allow spiders to live.","Level of Agreement","Strongly disagree","Somewhat disagree","Neither agree nor disagree","Somewhat agree","Strongly agree",4
72,"post26_7","I would like to watch a spider constructing its web.","Level of Agreement","Strongly disagree","Somewhat disagree","Neither agree nor disagree","Somewhat agree","Strongly agree",5
52,"post26_1","I would like to read more about spiders.","Level of Agreement","Strongly disagree","Somewhat disagree","Neither agree nor disagree","Somewhat agree","Strongly agree",2
52,"post26_2","I would like to know more about spiders.","Level of Agreement","Strongly disagree","Somewhat disagree","Neither agree nor disagree","Somewhat agree","Strongly agree",2
52,"post26_3","I would like to know more about how scientists study spiders.","Level of Agreement","Strongly disagree","Somewhat disagree","Neither agree nor disagree","Somewhat agree","Strongly agree",2
52,"post26_4","Greater attention should be given to spider protection.","Level of Agreement","Strongly disagree","Somewhat disagree","Neither agree nor disagree","Somewhat agree","Strongly agree",4
52,"post26_5","Spiders are interesting animals.","Level of Agreement","Strongly disagree","Somewhat disagree","Neither agree nor disagree","Somewhat agree","Strongly agree",4
52,"post26_6","People should use fewer chemicals in order to allow spiders to live.","Level of Agreement","Strongly disagree","Somewhat disagree","Neither agree nor disagree","Somewhat agree","Strongly agree",3
52,"post26_7","I would like to watch a spider constructing its web.","Level of Agreement","Strongly disagree","Somewhat disagree","Neither agree nor disagree","Somewhat agree","Strongly agree",2
46,"post26_1","I would like to read more about spiders.","Level of Agreement","Strongly disagree","Somewhat disagree","Neither agree nor disagree","Somewhat agree","Strongly agree",4
46,"post26_2","I would like to know more about spiders.","Level of Agreement","Strongly disagree","Somewhat disagree","Neither agree nor disagree","Somewhat agree","Strongly agree",5
46,"post26_3","I would like to know more about how scientists study spiders.","Level of Agreement","Strongly disagree","Somewhat disagree","Neither agree nor disagree","Somewhat agree","Strongly agree",5
46,"post26_4","Greater attention should be given to spider protection.","Level of Agreement","Strongly disagree","Somewhat disagree","Neither agree nor disagree","Somewhat agree","Strongly agree",4
46,"post26_5","Spiders are interesting animals.","Level of Agreement","Strongly disagree","Somewhat disagree","Neither agree nor disagree","Somewhat agree","Strongly agree",5
46,"post26_6","People should use fewer chemicals in order to allow spiders to live.","Level of Agreement","Strongly disagree","Somewhat disagree","Neither agree nor disagree","Somewhat agree","Strongly agree",4
46,"post26_7","I would like to watch a spider constructing its web.","Level of Agreement","Strongly disagree","Somewhat disagree","Neither agree nor disagree","Somewhat agree","Strongly agree",5
88,"post26_1","I would like to read more about spiders.","Level of Agreement","Strongly disagree","Somewhat disagree","Neither agree nor disagree","Somewhat agree","Strongly agree",4
88,"post26_2","I would like to know more about spiders.","Level of Agreement","Strongly disagree","Somewhat disagree","Neither agree nor disagree","Somewhat agree","Strongly agree",4
88,"post26_3","I would like to know more about how scientists study spiders.","Level of Agreement","Strongly disagree","Somewhat disagree","Neither agree nor disagree","Somewhat agree","Strongly agree",4
88,"post26_4","Greater attention should be given to spider protection.","Level of Agreement","Strongly disagree","Somewhat disagree","Neither agree nor disagree","Somewhat agree","Strongly agree",4
88,"post26_5","Spiders are interesting animals.","Level of Agreement","Strongly disagree","Somewhat disagree","Neither agree nor disagree","Somewhat agree","Strongly agree",4
88,"post26_6","People should use fewer chemicals in order to allow spiders to live.","Level of Agreement","Strongly disagree","Somewhat disagree","Neither agree nor disagree","Somewhat agree","Strongly agree",4
88,"post26_7","I would like to watch a spider constructing its web.","Level of Agreement","Strongly disagree","Somewhat disagree","Neither agree nor disagree","Somewhat agree","Strongly agree",4
75,"post26_1","I would like to read more about spiders.","Level of Agreement","Strongly disagree","Somewhat disagree","Neither agree nor disagree","Somewhat agree","Strongly agree",3
75,"post26_2","I would like to know more about spiders.","Level of Agreement","Strongly disagree","Somewhat disagree","Neither agree nor disagree","Somewhat agree","Strongly agree",3
75,"post26_3","I would like to know more about how scientists study spiders.","Level of Agreement","Strongly disagree","Somewhat disagree","Neither agree nor disagree","Somewhat agree","Strongly agree",3
75,"post26_4","Greater attention should be given to spider protection.","Level of Agreement","Strongly disagree","Somewhat disagree","Neither agree nor disagree","Somewhat agree","Strongly agree",4
75,"post26_5","Spiders are interesting animals.","Level of Agreement","Strongly disagree","Somewhat disagree","Neither agree nor disagree","Somewhat agree","Strongly agree",4
75,"post26_6","People should use fewer chemicals in order to allow spiders to live.","Level of Agreement","Strongly disagree","Somewhat disagree","Neither agree nor disagree","Somewhat agree","Strongly agree",4
75,"post26_7","I would like to watch a spider constructing its web.","Level of Agreement","Strongly disagree","Somewhat disagree","Neither agree nor disagree","Somewhat agree","Strongly agree",4
51,"post26_1","I would like to read more about spiders.","Level of Agreement","Strongly disagree","Somewhat disagree","Neither agree nor disagree","Somewhat agree","Strongly agree",4
51,"post26_2","I would like to know more about spiders.","Level of Agreement","Strongly disagree","Somewhat disagree","Neither agree nor disagree","Somewhat agree","Strongly agree",4
51,"post26_3","I would like to know more about how scientists study spiders.","Level of Agreement","Strongly disagree","Somewhat disagree","Neither agree nor disagree","Somewhat agree","Strongly agree",4
51,"post26_4","Greater attention should be given to spider protection.","Level of Agreement","Strongly disagree","Somewhat disagree","Neither agree nor disagree","Somewhat agree","Strongly agree",4
51,"post26_5","Spiders are interesting animals.","Level of Agreement","Strongly disagree","Somewhat disagree","Neither agree nor disagree","Somewhat agree","Strongly agree",4
51,"post26_6","People should use fewer chemicals in order to allow spiders to live.","Level of Agreement","Strongly disagree","Somewhat disagree","Neither agree nor disagree","Somewhat agree","Strongly agree",4
51,"post26_7","I would like to watch a spider constructing its web.","Level of Agreement","Strongly disagree","Somewhat disagree","Neither agree nor disagree","Somewhat agree","Strongly agree",4
4,"post26_1","I would like to read more about spiders.","Level of Agreement","Strongly disagree","Somewhat disagree","Neither agree nor disagree","Somewhat agree","Strongly agree",4
4,"post26_2","I would like to know more about spiders.","Level of Agreement","Strongly disagree","Somewhat disagree","Neither agree nor disagree","Somewhat agree","Strongly agree",4
4,"post26_3","I would like to know more about how scientists study spiders.","Level of Agreement","Strongly disagree","Somewhat disagree","Neither agree nor disagree","Somewhat agree","Strongly agree",4
4,"post26_4","Greater attention should be given to spider protection.","Level of Agreement","Strongly disagree","Somewhat disagree","Neither agree nor disagree","Somewhat agree","Strongly agree",5
4,"post26_5","Spiders are interesting animals.","Level of Agreement","Strongly disagree","Somewhat disagree","Neither agree nor disagree","Somewhat agree","Strongly agree",5
4,"post26_6","People should use fewer chemicals in order to allow spiders to live.","Level of Agreement","Strongly disagree","Somewhat disagree","Neither agree nor disagree","Somewhat agree","Strongly agree",5
4,"post26_7","I would like to watch a spider constructing its web.","Level of Agreement","Strongly disagree","Somewhat disagree","Neither agree nor disagree","Somewhat agree","Strongly agree",5
36,"post26_1","I would like to read more about spiders.","Level of Agreement","Strongly disagree","Somewhat disagree","Neither agree nor disagree","Somewhat agree","Strongly agree",5
36,"post26_2","I would like to know more about spiders.","Level of Agreement","Strongly disagree","Somewhat disagree","Neither agree nor disagree","Somewhat agree","Strongly agree",5
36,"post26_3","I would like to know more about how scientists study spiders.","Level of Agreement","Strongly disagree","Somewhat disagree","Neither agree nor disagree","Somewhat agree","Strongly agree",5
36,"post26_4","Greater attention should be given to spider protection.","Level of Agreement","Strongly disagree","Somewhat disagree","Neither agree nor disagree","Somewhat agree","Strongly agree",5
36,"post26_5","Spiders are interesting animals.","Level of Agreement","Strongly disagree","Somewhat disagree","Neither agree nor disagree","Somewhat agree","Strongly agree",5
36,"post26_6","People should use fewer chemicals in order to allow spiders to live.","Level of Agreement","Strongly disagree","Somewhat disagree","Neither agree nor disagree","Somewhat agree","Strongly agree",5
36,"post26_7","I would like to watch a spider constructing its web.","Level of Agreement","Strongly disagree","Somewhat disagree","Neither agree nor disagree","Somewhat agree","Strongly agree",5
11,"post26_1","I would like to read more about spiders.","Level of Agreement","Strongly disagree","Somewhat disagree","Neither agree nor disagree","Somewhat agree","Strongly agree",4
11,"post26_2","I would like to know more about spiders.","Level of Agreement","Strongly disagree","Somewhat disagree","Neither agree nor disagree","Somewhat agree","Strongly agree",4
11,"post26_3","I would like to know more about how scientists study spiders.","Level of Agreement","Strongly disagree","Somewhat disagree","Neither agree nor disagree","Somewhat agree","Strongly agree",4
11,"post26_4","Greater attention should be given to spider protection.","Level of Agreement","Strongly disagree","Somewhat disagree","Neither agree nor disagree","Somewhat agree","Strongly agree",4
11,"post26_5","Spiders are interesting animals.","Level of Agreement","Strongly disagree","Somewhat disagree","Neither agree nor disagree","Somewhat agree","Strongly agree",5
11,"post26_6","People should use fewer chemicals in order to allow spiders to live.","Level of Agreement","Strongly disagree","Somewhat disagree","Neither agree nor disagree","Somewhat agree","Strongly agree",4
11,"post26_7","I would like to watch a spider constructing its web.","Level of Agreement","Strongly disagree","Somewhat disagree","Neither agree nor disagree","Somewhat agree","Strongly agree",4
64,"post26_1","I would like to read more about spiders.","Level of Agreement","Strongly disagree","Somewhat disagree","Neither agree nor disagree","Somewhat agree","Strongly agree",4
64,"post26_2","I would like to know more about spiders.","Level of Agreement","Strongly disagree","Somewhat disagree","Neither agree nor disagree","Somewhat agree","Strongly agree",4
64,"post26_3","I would like to know more about how scientists study spiders.","Level of Agreement","Strongly disagree","Somewhat disagree","Neither agree nor disagree","Somewhat agree","Strongly agree",5
64,"post26_4","Greater attention should be given to spider protection.","Level of Agreement","Strongly disagree","Somewhat disagree","Neither agree nor disagree","Somewhat agree","Strongly agree",5
64,"post26_5","Spiders are interesting animals.","Level of Agreement","Strongly disagree","Somewhat disagree","Neither agree nor disagree","Somewhat agree","Strongly agree",4
64,"post26_6","People should use fewer chemicals in order to allow spiders to live.","Level of Agreement","Strongly disagree","Somewhat disagree","Neither agree nor disagree","Somewhat agree","Strongly agree",4
64,"post26_7","I would like to watch a spider constructing its web.","Level of Agreement","Strongly disagree","Somewhat disagree","Neither agree nor disagree","Somewhat agree","Strongly agree",3
28,"post26_1","I would like to read more about spiders.","Level of Agreement","Strongly disagree","Somewhat disagree","Neither agree nor disagree","Somewhat agree","Strongly agree",5
28,"post26_2","I would like to know more about spiders.","Level of Agreement","Strongly disagree","Somewhat disagree","Neither agree nor disagree","Somewhat agree","Strongly agree",5
28,"post26_3","I would like to know more about how scientists study spiders.","Level of Agreement","Strongly disagree","Somewhat disagree","Neither agree nor disagree","Somewhat agree","Strongly agree",5
28,"post26_4","Greater attention should be given to spider protection.","Level of Agreement","Strongly disagree","Somewhat disagree","Neither agree nor disagree","Somewhat agree","Strongly agree",5
28,"post26_5","Spiders are interesting animals.","Level of Agreement","Strongly disagree","Somewhat disagree","Neither agree nor disagree","Somewhat agree","Strongly agree",5
28,"post26_6","People should use fewer chemicals in order to allow spiders to live.","Level of Agreement","Strongly disagree","Somewhat disagree","Neither agree nor disagree","Somewhat agree","Strongly agree",4
28,"post26_7","I would like to watch a spider constructing its web.","Level of Agreement","Strongly disagree","Somewhat disagree","Neither agree nor disagree","Somewhat agree","Strongly agree",5
6,"post26_1","I would like to read more about spiders.","Level of Agreement","Strongly disagree","Somewhat disagree","Neither agree nor disagree","Somewhat agree","Strongly agree",4
6,"post26_2","I would like to know more about spiders.","Level of Agreement","Strongly disagree","Somewhat disagree","Neither agree nor disagree","Somewhat agree","Strongly agree",4
6,"post26_3","I would like to know more about how scientists study spiders.","Level of Agreement","Strongly disagree","Somewhat disagree","Neither agree nor disagree","Somewhat agree","Strongly agree",4
6,"post26_4","Greater attention should be given to spider protection.","Level of Agreement","Strongly disagree","Somewhat disagree","Neither agree nor disagree","Somewhat agree","Strongly agree",5
6,"post26_5","Spiders are interesting animals.","Level of Agreement","Strongly disagree","Somewhat disagree","Neither agree nor disagree","Somewhat agree","Strongly agree",5
6,"post26_6","People should use fewer chemicals in order to allow spiders to live.","Level of Agreement","Strongly disagree","Somewhat disagree","Neither agree nor disagree","Somewhat agree","Strongly agree",5
6,"post26_7","I would like to watch a spider constructing its web.","Level of Agreement","Strongly disagree","Somewhat disagree","Neither agree nor disagree","Somewhat agree","Strongly agree",4
37,"post26_1","I would like to read more about spiders.","Level of Agreement","Strongly disagree","Somewhat disagree","Neither agree nor disagree","Somewhat agree","Strongly agree",4
37,"post26_2","I would like to know more about spiders.","Level of Agreement","Strongly disagree","Somewhat disagree","Neither agree nor disagree","Somewhat agree","Strongly agree",4
37,"post26_3","I would like to know more about how scientists study spiders.","Level of Agreement","Strongly disagree","Somewhat disagree","Neither agree nor disagree","Somewhat agree","Strongly agree",4
37,"post26_4","Greater attention should be given to spider protection.","Level of Agreement","Strongly disagree","Somewhat disagree","Neither agree nor disagree","Somewhat agree","Strongly agree",5
37,"post26_5","Spiders are interesting animals.","Level of Agreement","Strongly disagree","Somewhat disagree","Neither agree nor disagree","Somewhat agree","Strongly agree",5
37,"post26_6","People should use fewer chemicals in order to allow spiders to live.","Level of Agreement","Strongly disagree","Somewhat disagree","Neither agree nor disagree","Somewhat agree","Strongly agree",5
37,"post26_7","I would like to watch a spider constructing its web.","Level of Agreement","Strongly disagree","Somewhat disagree","Neither agree nor disagree","Somewhat agree","Strongly agree",5
34,"post26_1","I would like to read more about spiders.","Level of Agreement","Strongly disagree","Somewhat disagree","Neither agree nor disagree","Somewhat agree","Strongly agree",5
34,"post26_2","I would like to know more about spiders.","Level of Agreement","Strongly disagree","Somewhat disagree","Neither agree nor disagree","Somewhat agree","Strongly agree",5
34,"post26_3","I would like to know more about how scientists study spiders.","Level of Agreement","Strongly disagree","Somewhat disagree","Neither agree nor disagree","Somewhat agree","Strongly agree",5
34,"post26_4","Greater attention should be given to spider protection.","Level of Agreement","Strongly disagree","Somewhat disagree","Neither agree nor disagree","Somewhat agree","Strongly agree",5
34,"post26_5","Spiders are interesting animals.","Level of Agreement","Strongly disagree","Somewhat disagree","Neither agree nor disagree","Somewhat agree","Strongly agree",5
34,"post26_6","People should use fewer chemicals in order to allow spiders to live.","Level of Agreement","Strongly disagree","Somewhat disagree","Neither agree nor disagree","Somewhat agree","Strongly agree",5
34,"post26_7","I would like to watch a spider constructing its web.","Level of Agreement","Strongly disagree","Somewhat disagree","Neither agree nor disagree","Somewhat agree","Strongly agree",5
84,"post26_1","I would like to read more about spiders.","Level of Agreement","Strongly disagree","Somewhat disagree","Neither agree nor disagree","Somewhat agree","Strongly agree",3
84,"post26_2","I would like to know more about spiders.","Level of Agreement","Strongly disagree","Somewhat disagree","Neither agree nor disagree","Somewhat agree","Strongly agree",3
84,"post26_3","I would like to know more about how scientists study spiders.","Level of Agreement","Strongly disagree","Somewhat disagree","Neither agree nor disagree","Somewhat agree","Strongly agree",4
84,"post26_4","Greater attention should be given to spider protection.","Level of Agreement","Strongly disagree","Somewhat disagree","Neither agree nor disagree","Somewhat agree","Strongly agree",4
84,"post26_5","Spiders are interesting animals.","Level of Agreement","Strongly disagree","Somewhat disagree","Neither agree nor disagree","Somewhat agree","Strongly agree",4
84,"post26_6","People should use fewer chemicals in order to allow spiders to live.","Level of Agreement","Strongly disagree","Somewhat disagree","Neither agree nor disagree","Somewhat agree","Strongly agree",4
84,"post26_7","I would like to watch a spider constructing its web.","Level of Agreement","Strongly disagree","Somewhat disagree","Neither agree nor disagree","Somewhat agree","Strongly agree",4
23,"post26_1","I would like to read more about spiders.","Level of Agreement","Strongly disagree","Somewhat disagree","Neither agree nor disagree","Somewhat agree","Strongly agree",2
23,"post26_2","I would like to know more about spiders.","Level of Agreement","Strongly disagree","Somewhat disagree","Neither agree nor disagree","Somewhat agree","Strongly agree",3
23,"post26_3","I would like to know more about how scientists study spiders.","Level of Agreement","Strongly disagree","Somewhat disagree","Neither agree nor disagree","Somewhat agree","Strongly agree",3
23,"post26_4","Greater attention should be given to spider protection.","Level of Agreement","Strongly disagree","Somewhat disagree","Neither agree nor disagree","Somewhat agree","Strongly agree",4
23,"post26_5","Spiders are interesting animals.","Level of Agreement","Strongly disagree","Somewhat disagree","Neither agree nor disagree","Somewhat agree","Strongly agree",4
23,"post26_6","People should use fewer chemicals in order to allow spiders to live.","Level of Agreement","Strongly disagree","Somewhat disagree","Neither agree nor disagree","Somewhat agree","Strongly agree",4
23,"post26_7","I would like to watch a spider constructing its web.","Level of Agreement","Strongly disagree","Somewhat disagree","Neither agree nor disagree","Somewhat agree","Strongly agree",4
78,"post26_1","I would like to read more about spiders.","Level of Agreement","Strongly disagree","Somewhat disagree","Neither agree nor disagree","Somewhat agree","Strongly agree",3
78,"post26_2","I would like to know more about spiders.","Level of Agreement","Strongly disagree","Somewhat disagree","Neither agree nor disagree","Somewhat agree","Strongly agree",3
78,"post26_3","I would like to know more about how scientists study spiders.","Level of Agreement","Strongly disagree","Somewhat disagree","Neither agree nor disagree","Somewhat agree","Strongly agree",3
78,"post26_4","Greater attention should be given to spider protection.","Level of Agreement","Strongly disagree","Somewhat disagree","Neither agree nor disagree","Somewhat agree","Strongly agree",4
78,"post26_5","Spiders are interesting animals.","Level of Agreement","Strongly disagree","Somewhat disagree","Neither agree nor disagree","Somewhat agree","Strongly agree",4
78,"post26_6","People should use fewer chemicals in order to allow spiders to live.","Level of Agreement","Strongly disagree","Somewhat disagree","Neither agree nor disagree","Somewhat agree","Strongly agree",5
78,"post26_7","I would like to watch a spider constructing its web.","Level of Agreement","Strongly disagree","Somewhat disagree","Neither agree nor disagree","Somewhat agree","Strongly agree",3
2,"post26_1","I would like to read more about spiders.","Level of Agreement","Strongly disagree","Somewhat disagree","Neither agree nor disagree","Somewhat agree","Strongly agree",2
2,"post26_2","I would like to know more about spiders.","Level of Agreement","Strongly disagree","Somewhat disagree","Neither agree nor disagree","Somewhat agree","Strongly agree",2
2,"post26_3","I would like to know more about how scientists study spiders.","Level of Agreement","Strongly disagree","Somewhat disagree","Neither agree nor disagree","Somewhat agree","Strongly agree",3
2,"post26_4","Greater attention should be given to spider protection.","Level of Agreement","Strongly disagree","Somewhat disagree","Neither agree nor disagree","Somewhat agree","Strongly agree",4
2,"post26_5","Spiders are interesting animals.","Level of Agreement","Strongly disagree","Somewhat disagree","Neither agree nor disagree","Somewhat agree","Strongly agree",5
2,"post26_6","People should use fewer chemicals in order to allow spiders to live.","Level of Agreement","Strongly disagree","Somewhat disagree","Neither agree nor disagree","Somewhat agree","Strongly agree",4
2,"post26_7","I would like to watch a spider constructing its web.","Level of Agreement","Strongly disagree","Somewhat disagree","Neither agree nor disagree","Somewhat agree","Strongly agree",4
33,"post26_1","I would like to read more about spiders.","Level of Agreement","Strongly disagree","Somewhat disagree","Neither agree nor disagree","Somewhat agree","Strongly agree",3
33,"post26_2","I would like to know more about spiders.","Level of Agreement","Strongly disagree","Somewhat disagree","Neither agree nor disagree","Somewhat agree","Strongly agree",3
33,"post26_3","I would like to know more about how scientists study spiders.","Level of Agreement","Strongly disagree","Somewhat disagree","Neither agree nor disagree","Somewhat agree","Strongly agree",2
33,"post26_4","Greater attention should be given to spider protection.","Level of Agreement","Strongly disagree","Somewhat disagree","Neither agree nor disagree","Somewhat agree","Strongly agree",3
33,"post26_5","Spiders are interesting animals.","Level of Agreement","Strongly disagree","Somewhat disagree","Neither agree nor disagree","Somewhat agree","Strongly agree",4
33,"post26_6","People should use fewer chemicals in order to allow spiders to live.","Level of Agreement","Strongly disagree","Somewhat disagree","Neither agree nor disagree","Somewhat agree","Strongly agree",3
33,"post26_7","I would like to watch a spider constructing its web.","Level of Agreement","Strongly disagree","Somewhat disagree","Neither agree nor disagree","Somewhat agree","Strongly agree",4
89,"post26_1","I would like to read more about spiders.","Level of Agreement","Strongly disagree","Somewhat disagree","Neither agree nor disagree","Somewhat agree","Strongly agree",5
89,"post26_2","I would like to know more about spiders.","Level of Agreement","Strongly disagree","Somewhat disagree","Neither agree nor disagree","Somewhat agree","Strongly agree",5
89,"post26_3","I would like to know more about how scientists study spiders.","Level of Agreement","Strongly disagree","Somewhat disagree","Neither agree nor disagree","Somewhat agree","Strongly agree",5
89,"post26_4","Greater attention should be given to spider protection.","Level of Agreement","Strongly disagree","Somewhat disagree","Neither agree nor disagree","Somewhat agree","Strongly agree",5
89,"post26_5","Spiders are interesting animals.","Level of Agreement","Strongly disagree","Somewhat disagree","Neither agree nor disagree","Somewhat agree","Strongly agree",5
89,"post26_6","People should use fewer chemicals in order to allow spiders to live.","Level of Agreement","Strongly disagree","Somewhat disagree","Neither agree nor disagree","Somewhat agree","Strongly agree",4
89,"post26_7","I would like to watch a spider constructing its web.","Level of Agreement","Strongly disagree","Somewhat disagree","Neither agree nor disagree","Somewhat agree","Strongly agree",5
63,"post26_1","I would like to read more about spiders.","Level of Agreement","Strongly disagree","Somewhat disagree","Neither agree nor disagree","Somewhat agree","Strongly agree",4
63,"post26_2","I would like to know more about spiders.","Level of Agreement","Strongly disagree","Somewhat disagree","Neither agree nor disagree","Somewhat agree","Strongly agree",4
63,"post26_3","I would like to know more about how scientists study spiders.","Level of Agreement","Strongly disagree","Somewhat disagree","Neither agree nor disagree","Somewhat agree","Strongly agree",4
63,"post26_4","Greater attention should be given to spider protection.","Level of Agreement","Strongly disagree","Somewhat disagree","Neither agree nor disagree","Somewhat agree","Strongly agree",5
63,"post26_5","Spiders are interesting animals.","Level of Agreement","Strongly disagree","Somewhat disagree","Neither agree nor disagree","Somewhat agree","Strongly agree",5
63,"post26_6","People should use fewer chemicals in order to allow spiders to live.","Level of Agreement","Strongly disagree","Somewhat disagree","Neither agree nor disagree","Somewhat agree","Strongly agree",5
63,"post26_7","I would like to watch a spider constructing its web.","Level of Agreement","Strongly disagree","Somewhat disagree","Neither agree nor disagree","Somewhat agree","Strongly agree",4
